Reaction,Flux_Normalized
10FTHFtm,0.0141723751615389
2DR1PP,0.01096248026067
2HBO,-0.0112919698064024
34DHOXPEGOX,-0.0166133167713641
34DHOXPEGt,-0.0166133167713641
34DHXMANDACOX,0.00612255787071454
34DHXMANDACOX_NADP_,0.0126650270683023
34HPLFM,0.0208289415246787
3DPHBH1,0.000133983243955605
3DPHBH2,0.000133724284119018
3MOX4HOXPGALDOX,0.00950127627587504
3MOX4HOXPGALDOX_NADP_,-0.00878338900751156
3SALAASPm,-0.0114440173679559
3SALATAim,0.00138426885506839
3SPYRSPm,0.00138426885506839
41R2A1H12BOOX,0.00217426816765352
4HBZCOAFm,0.000148674376751525
4HBZFm,0.000148674376751525
4HOXPACDOX_NADP_,0.00180871869782184
4MPTNLte,0.0017944807600998
4MPTNLtm,-0.0017944807600998
A4GALTc,0.00443389884962817
AACTOOR,0.00249837776074947
AACTtm,0.00249837776074947
ACACT1rm,0.00300155120829561
ACACT1x,0.00953298764945054
ACACT8p,0.00183819924788935
ACACT9p,0.00097711838333234
ACCOACm,0.0418492604711416
ACGALFUCGALACGALFUC12GAL14ACGLCGALGLUSIDEte,-0.00225337982261683
ACGALFUCGALACGALFUCGALACGLCGAL14ACGLCGALGLUSIDEte,-0.000692272746063242
ACGALK,0.0152667136901948
ACGALK2,0
ACGALtly,0.00482847088862776
ACGAM6PSi,0.0193519494396527
ACGAMK,0.00436600388007991
ACGAMPM,0.0118003731097466
ACGAMtly,0.00352923348643212
ACNACNGAL14ACGLCGALGLUSIDEte,-0.00151628492199119
ACNAM9PL,0.00043626358395148
ACNAMlt,-0.00400136080298587
ACNAMPH,0.00043626358395148
ACOAD10m,0.0040844783245801
ACOAD8m,0
ACOAD9m,0.00768816108330016
ACOAO7p,0.00751082475151909
ACONTm,-0.00514665758341977
ACRNtm,-0.0615864990097969
ADEt,-0.00310048197576945
ADHAPtx,0.0168743313690294
ADK1m,0.00606541182463045
ADK3,-0.0634877091464384
ADK3m,0.00199315261415056
ADKd,0.00407942152191346
ADMDC,0.00339131288434232
ADNK1m,0.00650464167111317
ADNt,-0.00643941103029436
ADNtm,0.0048078452666257
ADPMAN,0.00181340044719334
ADRNCPT1,0.00287742119112029
ADRNCPT2,0.00287742119112022
ADRNCRNt,0.000329355864909715
ADRNt,-0.00185421659120584
ADSK,0.00634515061325305
AGLPC,0.00142613304386929
AGLPH,0.00142613304386929
AGPAT1,0.00194859203819532
AKGDm,0.0558486704698439
AKGtp,0.0685861322443417
ALATA_L,-0.0261471282937305
ALCD21_L,0.00139092561428059
ALCD22_D,0.0115665392589902
ALCD2yf,0.0540286756182897
ALDD21,0.0137702764571447
ALDD2y,0.0187127946702137
ALDSTRNte,0.00102241406777494
ALDSTRNtm,-0.00102241406777494
ALOX12,0.000801994786059703
ALOX5,0.00157006849377896
ALOX52,0.0313511755414245
ALR2,0.00139092561428059
ALR3,0.00139092561428059
AMACR2p,0.00240585522750565
AMETt2m,0.0201093422497744
AMPtp,-0.00858401991576472
AOBUTDsm,0.00249837776074947
APAT2rm,0.00215214014413566
ARACHCOAtx,0.000850888159629282
ARACHCPT1,0.000608496649346936
ARACHCPT2,0.00060849664934823
ARACHCRNt,-0.000820780915564665
ARACHDCOAtx,0.0180690891885593
ARACHDt2,0.0246575036991943
ARACHDtr,0.023778839321675
ARGSS,0.000755633325738724
ARSA,0.000596578714709229
R_group_phosphotase_1,0.00272077276101453
R_group_phosphotase_2,0.00194859203819532
R_group_phosphotase_3,0.00244223667062874
ARTFR203,0.0283403343654965
ARTFR41,0.00703631113322862
ARTFR61,0.033576460970314
ARTPLM1,0.0458741961155489
ARTPLM3,0.00244223667062874
ASNNm,0.0191030396047753
ASNt4,0.0322250216354758
ASNtm,0.0191030396047753
ASPTAm,0.00765902223681964
ATP1ter,0.00191209084805465
ATP2ter,-0.00232676735485518
ATPasel,0.000779129595533043
ATPH2e,0.0167664105929728
ATPtm,0.049246384829814
ATPtx,0.00858401991576472
BALAtmr,0.00215214014413566
BHMT,0.0149044791479326
BILDGLCURt,-0.00936756445181265
BILDGLCURtr,0.00766368879593728
BILGLCURtr,-0.0144043677332544
BILIRED,0.0149425583901254
BILIRUBt2,-0.0195021259854489
BILIRUBtr,0.00766368879593728
BUTt2m,0.0020781146736472
C160CPT1,0.0230796625823622
C161CPT1,0.0248151594734149
C161CPT12,-0.0195184265783547
C161CPT22,-0.00999878376224965
C161CRNt,0.0248151594734149
C180CPT1,0.0119946259059271
C180CPT2,0.0149541993484557
C180CRNt,0.00634625940580471
C181CPT2,0.0110685526504678
C181CRNt,0.00448409195398761
C204CPT1,-0.0163024057250426
C204CPT2,0.00176668346351689
C226COAtx,-0.00114462399462159
C226CPT1,0.00488933525402356
C226CPT2,0.00488933525402373
C226CRNt,0.000695490439218527
CATm,0.027209874578306
CATp,0.0357924603894713
CDIPTr,-0.00256047687325881
CDS,0.000911523675066406
CDSm,0.00117622308678697
CEPTE,0.00156120756896687
CERK,0.00882515394193183
CERT1gt,0.0127799978116318
CERT1rt,-0.00137505954882577
CERT2gt,0
CERT2rt,0.00151057033558156
CHAT,-0.0131312192346298
CHLPCTD,0.00189711185230555
CHLtm,-0.00510213618811526
CHOLK,0.00100754914973837
CHOLtu,-0.00153519608483234
CHSTEROLt2,0.0115507941951729
CHSTEROLt3,-0.00799583944989248
CHSTEROLtg,0.0107629005593801
CHTNASE,0.000424344659199764
CITtam,-0.0262041672848793
CITtbm,0.00196608065583992
CKc,-0.0539862938897376
CLOHtex2,0.0183293940759319
CLPNDCOAtx,0.00114462399462159
CLPNDCPT1,0.000390505160903273
CLPNDCPT2,0.000390505160904046
CLPNDCRNt,-0.00207532826544624
CLPNDt,0.00123714746836373
CLS_hs,8.10320767802722e-06
CMPSAS,0.0225445924756368
CO2tm,0.0359981796530723
COAtp,-0.00846620807151039
COt,0.000795450641553764
COUCOAFm,0.000148674376751525
CRMPte,0.00725866673512873
CRNt,-0.063491949889436
CRTSTRNt,0.00102241406777494
CRTSTRNtm,0.00102241406777494
CRVNCtr,0.00288599658529356
CSm,0.0095836442573336
CSNATm,-0.0615864990097969
CSNATp,0.00323267150058579
CSNATr,-0.00260228927766622
CYSGLUexR,0.00191636061726433
CYSO,0.00138426885506799
CYSTA,0.00148998357965824
CYTDt,-0.00452353969115502
CYTK10,0.00882265532409572
CYTK11,0.0109322093657559
CYTK11n,-0.00022911947961952
CYTK12,-0.00845419316026094
CYTK13,3.96836484588878e-05
CYTK13n,-0.00362000002199709
CYTK14,-0.00981268023607864
CYTK14n,0.000452085803597006
CYTK1m,0.00117622308678697
CYTK3,0.0223333672893872
CYTK4,0.0242235137498672
CYTK4n,0.000452085803597256
CYTK5,0.00246982315196644
CYTK6,0.00142162244800567
CYTK9,-0.00934115936066843
DADNK,0.0017616570732717
DADNt4,0.00676103389676191
DAGK_hs,-0.0200648152774168
DAGt,-0.0324792444772715
DASCBR,0.000977287494752239
DCIm,-0.000962631691506896
DCK1n,-0.00181138436611699
DCK2n,-0.00113356352830398
DCSPTN1COAtx,-0.00151328300211793
DCSPTN1CPT1,0.000451896922461436
DCSPTN1CPT2,0.000451896922462533
DCSPTN1CRNt,-0.0020416613531803
DCSPTN1t,-0.00208164349758358
DCTPtn,0.00294494789441947
DCYTD,0.0052047766541119
DCYTt,-0.0151618594279311
DECDPtm,0.000267707528074623
DESAT18_7,0.00208608367003158
DESAT18_8,0.00213671599333583
DESAT22_2p,0.00114462399462159
DGNSKm,0.0027209815941385
DGSNt,-0.00268748752595448
DGSNtm,0.0027209815941385
DHAPA,0.0168743313690294
DHCR242r,0.0445320991576785
DHCRD1,0.038973277420306
DHCRD2,0.00821184048819741
DHDPBMTm,0.000267707528074623
DHEASt,-0.0214528737602021
DHEASULT,0.00131135810797349
DHFtm,0.00588397750453657
DHPR2,0.0449969786256362
DINt,0.00818929718478374
D_LACt2,-0.0465880679410357
D_LACtm,-0.0465880679410357
DLNLCGCPT1,-0.0103011579179757
DLNLCGCPT2,0.0010474821377673
DLNLCGCRNt,-0.00147808588212943
DLNLCGt,0.00309439616975828
DMNONCRNt,-0
DNDPt26m,0.0132970229221681
DNDPt28m,0
DNDPt31m,0.0230430856292772
DNDPt33m,0
DNDPt41m,0.0363401085514455
DNDPt42m,0.00873696424862958
DOPABMO,0.000977287494752239
DOPAQNISO1,0.00059394743005739
DOPAt4_2_r,0.000470278169473472
DOPAtu,-0.0132136355111978
DPHMBDCm,0.000267707528074623
DPPS,0.000267707528074623
DRIBt,-0.00932942775725339
DRPA,0.0274863660443921
DTDPtn,0.0173332636906354
DTTPtn,-0.0173332636906361
DUDPtn,-0.00923925487741469
DURIt,-0.0407109703302811
EBP2r,0
ECOAH1x,-0.000426299524749413
EICOSTETCPT1,0.00258493700424543
EICOSTETCPT2,0.00258493700425016
EICOSTETCRNt,0.000119366979355673
EICOSTETt,0.00221228658013471
ELAIDCPT1,0.000902641613731401
ELAIDCPT2,-0.00107786779278265
ELAIDCRNt,-0.00124692065266862
ELAIDt,-0.0559411361483854
ESTRADIOLt,-0.00112893199074128
ESTRADIOLtr,0.0278498363508192
ESTRONESt,-0.0192437375738457
ESTRONEtr,-0.0294801980815195
ESTSULT,0.00192581086098543
ETHAK,0.00199745981615762
EX_10fthf5glu[e],0.0341837298756995
EX_10fthf6glu[e],-0.0341837298756995
EX_13_cis_retnglc[e],0.0140751683939936
EX_2hb[e],0.011291969806402
EX_34dhoxpeg[e],-0.0166133167713641
EX_4hphac[e],0.00180871869782184
EX_4mptnl[e],0.0017944807600998
EX_5mthf[e],-0.0128076202626818
EX_acgalfucgalacgalfuc12gal14acglcgalgluside_hs[e],0.00225337982261683
EX_acgalfucgalacgalfucgalacglcgal14acglcgalgluside_hs[e],0.000692272746063242
EX_ach[e],-0.0170273074809211
EX_acnacngal14acglcgalgluside_hs[e],0.00151628492199119
EX_adp[e],-0.00720305275052699
EX_adrn[e],-0.002165079745603
EX_ak2lgchol_hs[e],0.000711373516145055
EX_ala_B[e],-0.00201709297142691
EX_aldstrn[e],0.00102241406777494
EX_amp[e],0.019866892568743
EX_arach[e],-0.003664175630342
EX_arachd[e],-0.0208590596604917
EX_ascb_L[e],-0.00248585551332873
EX_atp[e],0.0184846733117805
EX_bildglcur[e],-0.00766368879593762
EX_bilglcur[e],0.0031041212006138
EX_bilirub[e],0.0195021259854489
EX_chol[e],0.00153519608483234
EX_chtn[e],-0.000424344659199764
EX_clpnd[e],-0.00120911395801714
EX_co[e],0.000795450641553764
EX_crmp_hs[e],0.00725866673512873
EX_crn[e],0.063491949889436
EX_crtstrn[e],-0.00102241406777494
EX_crvnc[e],-0.00278516216564016
EX_dag_hs[e],0.0170123371327244
EX_dcsptn1[e],0.00208134669734235
EX_dhdascb[e],0.00248585551332873
EX_dheas[e],0.00131135810797318
EX_dlnlcg[e],-0.00189148705411055
EX_dopa[e],-0.0144101325593026
EX_eicostet[e],-0.00222268519485111
EX_elaid[e],0.0559408393481442
EX_estradiol[e],0.00112893199074128
EX_estrones[e],-0.000808632215628709
EX_fucfucfucgalacglc13galacglcgal14acglcgalgluside_hs[e],0.000675655834259128
EX_fucfucfucgalacglcgal14acglcgalgluside_hs[e],0.00211448501376171
EX_fucgalfucgalacglcgalgluside_hs[e],0.00334487494400743
EX_gbside_hs[e],-0.00147585771337553
EX_gchola[e],-0.00120569107140091
EX_gq1balpha_hs[e],0.00247038396600299
EX_gt1a_hs[e],0.000349260997124876
EX_gthox[e],0.0145154746177627
EX_gthrd[e],-0.0098966477666287
EX_h2o2[e],-0.0477474727925136
EX_ha[e],-0.00176461674321606
EX_hco3[e],0.0614473812032658
EX_hdca[e],0.00961015752548302
EX_hdcea[e],0.000776271039091485
EX_hestratriol[e],0.00163036173070033
EX_hexc[e],0.00299062829907462
EX_hom_L[e],-0.00133141253636213
EX_hpdca[e],0.00187947523390911
EX_idp[e],-0.012952148625011
EX_imp[e],0.0204572402689719
EX_lac_D[e],0.0465880679410357
EX_leuktrB4[e],-0.0446399747413603
EX_leuktrC4[e],0.00940508023955492
EX_leuktrD4[e],0.00712709567992185
EX_leuktrE4[e],0.014818999621947
EX_lgnc[e],-0.00216030699969628
EX_lneldc[e],0.00560174703283463
EX_lnlc[e],-0.0023123431252476
EX_lnlnca[e],-0.0153622261903548
EX_lnlncg[e],-0.0168683865989972
EX_lpchol_hs[e],-0.00250034435210892
EX_meoh[e],-0.00281517099147809
EX_mthgxl[e],0.0126403157513328
EX_no[e],0.000748284183498838
EX_nrpphr[e],-0.00191486794126512
EX_nrvnc[e],-0.00104751190685503
EX_o2s[e],-0.0666500929563469
EX_oagt3_hs[e],0.000510266356696901
EX_ocdca[e],-0.0228252290857769
EX_ocdcea[e],-0.0161965963990616
EX_octa[e],0.00270052219002957
EX_paf_hs[e],0.000714759527724236
EX_pchol_hs[e],-0.00209766317212273
EX_pe_hs[e],-0.038223575523952
EX_peplys[e],-0.00211411309735484
EX_pglyc_hs[e],0.0046080110842905
EX_pheacgln[e],0.00214320078440977
EX_prgstrn[e],-0.000962417996610859
EX_prostge1[e],-0.0181501451918259
EX_prostge2[e],0.00260902476692225
EX_ptdca[e],-3.9209450641076e-05
EX_retfa[e],-0.0469495051092654
EX_retn[e],0.0244515882274287
EX_retnglc[e],0.00141903088791669
EX_Rtotal[e],0.0368997416027071
EX_Rtotal2[e],0.0602836478509933
EX_Rtotal3[e],0.0125727870528423
EX_sphs1p[e],0.0110659759801505
EX_strdnc[e],-2.9680024052835e-07
EX_tethex3[e],-2.96800240195384e-07
EX_tetpent3[e],-2.9680024052835e-07
EX_tetpent6[e],-0.00259335485400015
EX_tettet6[e],-2.9680024052835e-07
EX_thf[e],0.0122699481302092
EX_tmndnc[e],0.00386679545855438
EX_tststerone[e],-0.000707562285031358
EX_tsul[e],0.00148998357965887
EX_ttdca[e],-0.00180940420235643
EX_utp[e],-0.059837833246554
EX_vacc[e],0.00284185951866601
EX_vitd3[e],0
EX_whhdca[e],0.0007641630396333
EX_whtststerone[e],-0.00136233530190987
EX_xolest2_hs[e],0.0246026728941434
EX_xoltri24[e],0.000531913763848313
EX_xoltri27[e],0.00176047398517997
FACOAL140i,0.00454400358232739
FACOAL150,0.0248778563104105
FACOAL160i,0.00164479453975838
FACOAL170,0.00248843092852906
FACOAL180i,0.000892259895053919
FACOAL1822,-0.00478954825412617
FACOAL1831,0.00660663594099091
FACOAL1832,0.0401167840117573
FACOAL184,-0.0209207071355544
FACOAL191,0
FACOAL203,-0.0007998334439028
FACOAL2042,0.00307642835560438
FACOAL205,-0.0212754076128106
FACOAL206,-0.00858401991576472
FACOAL224,0.00298503630930241
FACOAL2251,-0.00122625716248142
FACOAL2252,0.00209607962638271
FACOAL226,0.00363317062514237
FACOAL241,0.00105335604911656
FACOAL244_1,0
FACOAL245_1,0.00344261662230142
FACOAL245_2,0
FACOAL246_1,0
FACOAL260,-0.00212893919290281
FACOAL40im,0.0020781146736472
FADH2tru,0.0445320991576785
FADtru,0.0445320991576785
FAH3,0.0007641630396333
FALDtly,0.00281517099147809
FAOXC161802m,0.000784027689960092
FAOXC1811601m,0.000553604075030142
FAOXC2031836m,0.0010474821377673
FAOXC204,0.000589445834631681
FAOXC204184m,0.00223441719601082
FAOXC2051843m,0.000258177295727708
FAOXC2242046m,0.00245265579839899
FAOXC226205m,0.00488933525402373
FAOXC2452256x,0.00259305805375933
FAS120COA,0.000596771686526326
FATP1t,0.0110650690998646
FATP2t,-0.00883326453747121
FATP3t,-0.0150368571069801
FATP4t,-0.00232022569922355
FATP6t,-0.00404455617614509
FATP9t,-0.00707028678722919
FCLTm,0.00078978633620389
FE2t,0.00121694792691938
FE3R2e,0.00248585551332873
FORt2m,-0.00159068455235956
FRDPtc,-0.000775067000166201
FRDPtr,0.000775067000166201
FRUt1r,-0.0365325257612675
FTHFDH,0.00420418558409938
FTHFLm,0.00159068455235956
FUCFUCFUCGALACGLC13GALACGLCGAL14ACGLCGALGLUSIDEte,-0.000675655834259128
FUCFUCFUCGALACGLCGAL14ACGLCGALGLUSIDEte,-0.00211448501376171
FUCGALFUCGALACGLCGALGLUSIDEte,-0.00334487494400743
FUMm,-0.0488164815885723
FUMtm,0.00648921410008875
G3PD2m,0.0036596746547122
G6PDH1rer,0.0223723598693951
GABAVESSEC,0.00113181527380456
GACMTRc,-0.0539862938897376
GALGLUSIDEtl,-0.00400136080298587
GALt1r,0.00170544148426354
GALtly,0.00196676061771021
GAO2,0.000510266356696901
GBA,0.00896414859872017
GBSIDEte,-0.00147585771337553
GCHOLAte,0.00120569107140091
GDPtg,0.0685861322443417
GFUCS,0.00512378470159535
GGH_10FTHF6GLUe,0.0341837298756995
GGNG,0.000684913611261689
GGT6,-0.000537250326684399
GLBRAN,0.0101340597081281
GLCAASE8ly,0.00176461674321606
GLCAASE9ly,0.00176461674321606
GLCt1r,-0.00920157973712594
GLCt2_2,-0.0306514069801695
GLCtly,0.00482296891489858
GLCURter,0.0591707874188222
GLCURtly,-0.00352923348643212
GLDBRAN,0.0102189792726304
GLGNS1,0.0101340597081281
GLNtm,0.0134989218881744
GLPASE1,0.0101340597081281
GLPASE2,0.000684913611261689
GLUCYS,0.000370818676288043
GLUDym,0.0139356712133119
GLUNm,0.0206749275825658
GLUt2m,0.00951094610063992
GLXtp,-0.00242162525097372
GLYAMDTRc,-0.0539862938897376
GLYATm,0.00249837776074947
GLYC3Ptm,0.0464595579282634
GLYOp,0.00242162525097372
GLYOXm,0.0465880679410357
GLYtm,0.00321217190542511
GLYtp,0.00242162525097372
GPAM_hs,0.0122001828200973
GQ1BALPHAte,0.00247038396600299
GT1Ate,0.000349260997124876
GTHO,0.0106410871263829
GTHOm,0.0103502067363553
GTHPe,0.0145154746177627
GTHRDtr,0.00133468829089384
GTHS,0.000370818676288043
GUACYC,0.000683841699757191
GULNDer,0.0591707874188222
GULNter,0.0591707874188222
H2CO3Dm,0.017802270429287
H2O2t,0.0650238807505731
H2O2tly,0.0106822562815767
H2O2tm,0.0430472822779361
H2O2tp,0.0156208400719254
H2Otly,0.00563021393720709
H2Otn,0.00849842000737393
H2Otp,-0.0138613898625773
HACD1x,-0.000426299524749413
HAtly,0.00176461674321606
HBZOPT10m,0.000267707528074623
HDCAter,0.0685861322443417
HDD2COAtx,-0.00751082475151909
HESTRATRIOLte,0.00163036173070033
HESTRATRIOLtr,-0.00163036173070033
HEX4,0.00113621241032131
HEXCCOAtx,0.00097711838333234
HEXCt,-0.00297864321431102
HIBDm,0.00593168504173605
HMGCOASim,0.00300155120829561
HMGCOAtx,-0.00528038816377478
HMGLm,0.00300155120829561
HOXG,0.000344922350627725
HPACtr,0.00180871869782184
HPDCACRNt,-0.0113448878008484
HPDCAt,-0.0017108961153342
HSD11B1r,-0.0223723598693951
HSD11B2r,0.0223723598693951
HSD17B1,-0.0282962390604166
HSD17B42x,0.00159419173901321
Htg,-0.0685861322443417
Htr,-0.0453128236845811
ICDHy,0.00907074560478632
ICDHyrm,-0.029835767780306
ILEt4,0.0307242983943014
ILEtec,0.000553793442844109
INSt,0.00509723265697002
ITCOAL1m,-0.000628690738733872
ITCOALm,0.000628690738733872
LACZe,0.00614622746570026
LCADim,0.00139092561428059
LDH_Lm,0.00139092561428059
LEUKTRB4tr,-0.00356493980265637
LGNCCOAtx,1.01927049277273e-05
LNELDCCPT1,0.000273000150835645
LNELDCCPT2,0.000273000150836336
LNELDCCRNt,-0.00218813445971807
LNELDCt,-0.00560204383307585
LNLCCPT1,-0.000250460842897983
LNLCCPT2,0.000981514428362608
LNLCt,-0.00380297995827424
LNLNCACPT1,0.00493250963150288
LNLNCACPT2,0.00493250963150288
LNLNCACRNt,0.00493250963150288
LNLNCAt,0.0151317677277138
LNLNCGCPT1,-0.0191885301963842
LNLNCGCPT2,-0.00175627312135345
LNLNCGCRNt,-0.00185444555618465
LNLNCGt,0.0169989328615955
LNSTLSr,0.000387533500083101
LPASE,0.0091385832957048
LPCHOLt,0.00250034435210892
LTC4CP,0.000537250326684399
LTD4DP,-0.000537250326684399
LYStiDF,0.0141388778600577
MALSO4tm,0.0116453294575486
MALTly,0.00160765630496619
MALtm,-0.00743909970196376
MALTt1r,0.00371070459590888
MANt1r,0.00113621241032131
MAOX,0.000717887268363485
MDRPD,0.000135047172708417
MEOHt2,0.00281517099147809
MEOHtly,0.00281517099147809
METAT,0.000674854636473649
METS,0.0144557520197299
MGSA,0.00151262613349102
MGSA2,0.0536108035795868
MI13456PK,0.000538333977694652
MI145PK,0
MLTG1,0.00462854218841972
MLTG1ly,0.00160765630496619
MMCDm,0.00239746292568706
MMEm,0.00239746292568706
MMMm,0.00353422211604899
MMSAD3m,0.00297600527777813
MMTSADm,0.00593168504173605
MOGAT,0.000267710721066002
MTAP,0.000135047172708417
MTHFCm,-0.0157630597138989
MTHFD2m,-0.0521296905049576
MTHFDm,0.0363666307910583
MTHGXLt,0.0126403157513328
NACHEX27ly,0.00176461674321606
NACUP,0
NADPHtru,0.0254536757042373
NADPHtxu,0.0267126869749064
NADPtru,0.0254536757042373
NADPtxu,0.0267126869749064
NADtpu,0.0168056885951215
NAt,0.066156101633162
NAt5,-0.0303900157515645
NDP7er,0.00292960122349825
NDPK1m,-0
NDPK2n,-0.000681477724706904
NDPK3m,0.00117622308678697
NDPK4n,0.0103198580080656
NDPK5n,-0.00022911947961952
NDPK6m,-0.0450770728000751
NDPK6n,-0.00923925487741469
NDPK7n,-0.00181138436611643
NDPK8n,0.00339340566057245
NH4tp,-0.00242162525097372
NICRNS,0.0108911742183918
NMNATm,0.00236938135255451
NMNS,0.0014341463950806
NNMT,0.00154656947938249
NORANMT,0.000717887268363485
NOS1,0.000748284183498838
NOS2,0.000748284183498838
NOt,-0.000748284183498838
NP1,0.0108911742183918
NRPPHRt4_2_r,-0.00679522037063446
NRPPHRtu,-0.0175783868658486
NRVNCCOAtx,-0.000935944064847645
NTPP9,0.000946731910597831
O2ter,0.00623747183885183
O2tp,0.024113363664935
OAGT3te,0.000510266356696901
OCCOAtx,0.026311756198294
OCDCAtr,0.00888989041435517
OCDCEAtr,0.00418131078638447
OIVD2m,0.00768816108330016
ORNt3m,0.0410997891828535
ORNTArm,-0.0410997891828535
P4501B1r,0.00163036173070033
PA_HSter,0.00625978906236909
PACCOAL,0.00544697667183105
PAFS,0.000714759527724236
PCHOL_HSter,0.0129629336928988
PCHOL_HStg,0.0127799978116318
PCHOLPm_hs,0.00510213618811526
PCm,0.00389070267635404
PDE4,0.000683841331449661
PE_HSter,0.00427903672996538
PE_HStm,0.00510213618811526
PEFLIP,0.000735028655713305
PEFLIPm,0
PEPCKm,0.00196608065583992
PEt,0.0374885468682379
PETHCT,0.00199745981615762
PETOHMm_hs,0.00510213618811526
PETOHMr_hs,0.000530782290212293
PGESr,0.0261655481806152
PGISr,-0.0165637211429433
PGLer,0.0223723598693951
PGLYCt,-0.0046080110842905
PGPPT,0.00346389734061625
PGS,0.00038915938583767
PGSr,0.0010950049248443
PHACCOAGLNAC,0.00214320078440977
PHEACGLNt,0.00214320078440977
PHEMEtm,0.00078978633620389
PHEt4,0.0283905471759695
PHETA1m,-0.0119899592584709
PI345P3P,0.00120587989729303
PI345P5P,0.000829964034085721
PI3P4K,0.0029041827711684
PI3P5K,0.0043671903680909
PI45P4P,0.00120587989729303
PIK3,0.00120587989729323
PIK5,0.00276266476618146
PIK5n,0.000740834870039936
PIter,-0.0102294171919518
PItn,0.000740834870039936
PItx,-0.0270871826367789
PLA2,0.000267711056452189
PMI1346PH,0.000538333977694652
PPAm,0.00250653086567851
PPAP,0.00119563953056983
PPCOAOm,0.000823865133642477
PPDOx,0.0147394940198015
PPItr,0.0053489460314724
PPItx,-0.00756575576893872
PPPG9tm,0.000996571691813821
PPPGOm,0.00049828584590691
PRDXl,0.00281517099147809
PRGNLONEtm,-0.0017944807600998
PRGNLONEtr,-0.0345608266167095
PRGSTRNt,0.000962417996610859
PRISTANALtx,0.0137702764571447
PRISTCOAtx,-0
PRISTtx,-0.0137702764571447
PROD2m,0.0258237130221221
PROSTGE1t,0.000997660205587778
PROSTGE2t,-0.00260902476692225
PROSTGI2tr,0.0165637211429433
PROtm,0.053078184869191
PRPNCOAHYDm,0.000823865133642477
PS_HSter,0.0044979053277037
PSSA1_hs,-0.0217463033106167
PSSA2_hs,0.019447052431615
PTDCACRNt,0
PTDCAt,0
PTE2x,0.0120478936353873
PVD3,0
PYNP2r,0.034582797757612
PYRt2m,-0.00188604300129112
PYRt2p,0.0189608370651565
RADH2,0.0469495051092654
RAI3,0.0137936741413721
RBK_D,0.00124066712221275
RDH1a,0.0469495051092654
RETHe,0.0469495051092654
RETNGLCt,0.00141903088791669
RETNGLCt2,0.0140751683939936
RETNGLCtr,0.00141903088791669
RETNtr,0.00141903088791669
RIBt2,0.000959305317585255
RNMK,0.00227744358053275
RTOT2,0.0318828761611836
RTOT4,0.00703631113322862
RTOT6,0.033576460970314
RTOTAL2t,0.00168088098174313
RTOTAL3t,0.00244223667062874
RTOTALt,-0.00641781053469027
SADT,0.00634515061325305
SALMCOM2,0.000717887268363485
SARCStm,0.00780909425205629
SARDHm,0.00780909425205629
SBPP1er,0.00350400492913077
SCP21x,-0.00858401991576472
SERDGLNexR,-0.0170826632163384
SERDGLYexR,-0.00113617182554918
SO4tl,0.000596578714709229
SPH1Ptr,0.00350400492913077
SPHGNtr,0.00350400492913077
SPHK21c,0.0178124074706045
SPHMYLNtg,-0.0127799978116318
SPHMYLNtl,0.0118636273501152
SPHS1Pte,0.0110659759801505
SPODMe,0.0333250464781734
SPRMS,0.000135047172708417
SQLEr,0.000387533500083101
SQLSr,0.000387533500083101
STRDNCCPT1,-0.0192858290233228
STRDNCCPT2,-0.00112362636681758
STS2,0.00273444307661376
SUCCt2m,-0.0312292908817482
SUCCt4_2,-0.0598929180024216
SUCD1m,-0.055305695688662
SUCOAS1m,-0.0338978907166731
SUCOASm,-0.0318123658718751
T4HCINNMFM,0.0208289415246787
TETHEX3t,0
TETPENT3t,0
TETPENT6COAtx,0.00259305805375933
TETPENT6t,0.00259305805375892
TETTET6t,0
THCHOLSTOICtm,0
THFt2,-0.0122699481302092
THFtm,-0.0531617264579575
THRGLNexR,-0.00247917746219974
TMNDNCCPT1,-0.0225126483961545
TMNDNCCPT2,-0.00445669407791156
TMNDNCCRNt,-0.00304542024283387
TMNDNCt,-0.0038356914769566
TRDR,0.030427848518982
TRDRm,0
TRIOK,0.000751761998930435
TSTSTERONEt,0.000707562285031358
TSULt4_3,-0.0644269046859333
TTDCAtr,0.00149980254434062
TTDCPT2,0.00287936962210965
TTDCRNt,0.000712273596164362
TYROXDAc,0.00180871869782184
TYRTAm,0.0208289415246787
UAGALDP,0.0152667136901948
UDPACGALtl,0.000827110085641884
UDPGD,0.00327094289064915
UDPGLCter,0.00141903088791642
UDPtl,-0.000827110085641884
UGT1A5r,0.00141903088791669
UMPK2,-0.00827096543910097
UMPK4,0.0157367014105063
UMPK4n,-0.000452085803597256
UMPK5,-0.0116145027695394
UMPK6,-0.0182893113833156
UMPK6n,0.00113356352830363
UMPK7,-0.000961462989014045
UMPKn,-0.000681477724706666
UMPtr,-0
UNK2,0.00386235022506823
URIDK2m,-0.0317800498779067
UTPtn,0.00923925487741446
VACCt,-0.00757520171004661
VD3,-0
VITD3t,0
VITD3tm,0
VITD3tm3,0.0622350344237291
WHHDCAte,-0.0007641630396333
WHTSTSTERONEte,-0.00136233530190987
XOL7AH2tm,-0.000376416239139616
XOLEST2te,-0.0142217175387941
XOLTRI24te,0.000531913763848313
XOLTRI27te,0.00176047398517997
EX_ahdt[e],0.048267525180263
EX_dha[e],-0.00510957143835042
EX_dtmp[e],-0.0141227317700104
EX_dttp[e],0.0141227317700095
EX_HC01361[e],-0.0479653598285307
EX_HC01444[e],0.0267962702828345
EX_itp[e],0.0120054167144126
EX_prpp[e],-0.00310048197576945
r0002,-0.0281537258124764
r0009,0.00101826414682648
r0016,0.000938690774934518
r0021,-0.00219036851591597
r0022,0.0048292810849447
r0028,0.00227653020829606
r0047,0.00169679640448747
r0051,-0.00310048197576945
r0055,-0.0177369958526235
r0074,-0.0575493969379767
r0129,0.0216327298611345
r0130,-0.00490505496099157
r0142,0.00124338364523504
r0165,0.0258202434445978
r0173,-0.0189608370651565
r0178,-0.0625023928768109
r0181,-0.012952148625011
r0208,0.00332832463485459
r0226,0.0110775046906471
r0242,0.00445378640409577
r0249,0.0112887516249128
r0276,-0.00587757778075925
r0280,0.0239461731017966
r0301,0.000627182077273613
r0309,0.0115556563535423
r0317,0.00570736949579753
r0355,0.000887902612882579
r0365,0.000823865133642477
r0391,0.0334726987905809
r0394,0.0183767015498556
r0395,0.00333550838076007
r0408,-0.000761643681167322
r0409,0.000761643681167322
r0413,0.0215143832949774
r0426,0.0111790727389229
r0431,-0.0418492604711416
r0432,0.0418492604711416
r0434,-0.00393301039947514
r0437,-0.0191466521828871
r0443,0.0180690891885593
r0446,-0.0248151594734149
r0463,-0.00995928717420085
r0470,0.032715179032261
r0472,0.00272098159413859
r0474,0.033139716009824
r0475,0.0267634972358626
r0494,-0.0141227317700104
r0497,-0.0141227317700095
r0504,0.00153316390235059
r0512,0.00573119931858212
r0514,0.00519352718611048
r0527,-0.00102523764248086
r0531,-0.0280614251873013
r0537,0.00597733925295939
r0553,0.0149044791479326
r0596,0.000823865133642477
r0603,-0.0040844783245801
r0617,-0.0235744047563778
r0618,0.0235744047563778
r0627,-0.0267962702828345
r0629,-0.00120569107140091
r0636,0.00858430195057427
r0637,0.0172346952850527
r0638,-0.0506668856738027
r0639,0.00869091185332124
r0652,0.00680396265468063
r0653,0.00269133471847753
r0655,0
r0660,0.0485391451957475
r0669,0.00768816108330016
r0698,0.00459055131217864
r0707,-0.048267525180263
r0714,0.00269133471847753
r0716,0.00269133471847753
r0718,0.00869091185332124
r0720,0.00960775017761566
r0730,0.0102176166999712
r0731,0.0102176166999712
r0732,0.0102176166999712
r0735,-0.00517641420233942
r0779,0.00768816108330016
r0782,0.0158276928678418
r0783,0.0445320991576785
r0786,0.00597733925295939
r0787,0.00247333432382863
r0791,-0.00410166777957041
r0797,0.000376416239139616
r0801,-0.0305673481854155
r0818,0.0317800498779067
r0826,0.00625978906236909
r0829,-0.019964185963965
r0834,-0.00970312536148428
r0835,0.00956224015164986
r0836,0.000140885209833349
r0838,-0.00222963782892778
r0840,0.0112887516249128
r0841,-0.0112887516249128
r0842,-0.00141903088791642
r0853,0.0293415859638371
r0859,0.000756195517969861
r0886,0.00137505954882577
r0892,-0.059837833246554
r0899,-0.00201709297142691
r0911,-0.0523048216358161
r0915,0.0045957276390652
r0931,0
r0932,-0
r0941,0.027937692718209
r0950,0.0027209815941385
r0954,-0.0046788990104254
r0962,0.00519352718611048
r0974,0.0685861322443417
r0983,0.0194528152126489
r0984,-0.0194528152126489
r0986,0.00217291665293059
r0987,0.00239866372263338
r0997,0.0172346952850527
r0998,-0.00393301039947514
r0999,-0.0191466521828871
r1005,0.0418492604711416
r1008,0.0180690891885593
r1014,0.00098908098943403
r1020,-0.000376416239139616
r1048,9.30555809287185e-06
r1052,0.00457158037556397
r1078,0.0685861322443417
r1112,8.79923630460542e-05
r1116,0.0280480311542266
r1129,0.000299860355180247
r1148,-0.0685861322443417
r1150,0.000756195517969861
r1154,-0.0112919698064024
r1156,-0.043779144848637
r1159,-0.00137505954882577
r1162,0.00248547628240614
r1166,0
r1167,0.037972126858487
r1169,0.00198015198216035
r1170,0.00211115682707271
r1175,0
r1177,0.037972126858487
r1181,0.00198015198216035
r1182,0.00211115682707271
r1185,0
r1187,0
r1188,0
r1189,0
r1190,0
r1252,0.00654720964043951
r1253,0.00295957344252888
r1254,0.000837888460924023
r1255,0.0017349522718437
r1257,0.00217291665293059
r1259,0.0110216296299633
r1260,0.0133204985247891
r1290,0.0647064759439676
r1291,0.00828175060519943
r1292,-0.00116914046756013
r1298,0.0347142070900368
r1299,0.0347142070900368
r1318,-0.00217291665293059
r1348,1.78674639530855e-06
r1367,0.0320192320078865
r1368,0.0320192320078865
r1381,0
r1384,-0.0201790460282654
r1393,0.00953406566136872
r1401,0.0323653670103545
r1403,8.49195645024112e-05
r1418,-0.049951446803396
r1423,0.066704560389782
r1433,0.0182347470118359
r1441,0.0423674229454697
r1445,0.00032681631315198
r1453,-0.0258237130221221
r1454,0.0112919698064024
r1456,0.0119899592584709
r1457,0.00597733925295939
r1464,-0.00300155120829561
r1468,-0.0356736536840563
r1472,0.0133341631944232
r1474,0.0133341631944232
r1477,0.0133341631944232
r1481,0.00799555668356321
r1525,0.0011968600356947
r1544,-0.0104003014412636
r1546,-0.00354054887452223
r1551,-0.0142187450391747
r1557,-0.00431301064224417
r1559,-0.00161043931249913
r1564,-0.00499941182548718
r1565,-0.00632062040459672
r1568,-0.00182899725763663
r1569,-0.000553439261698836
r1573,0.00773576803040924
r1574,0.00259560438285033
r1578,-0.00327283876440224
r1579,0.0017552617821924
r1581,0.00139514804624634
r1583,0.00372298198961046
r1584,0.00712480869351804
r1585,0.00622786404695307
r1586,0.000875554124144173
r1587,0.00902694357734065
r1588,-0.00156947378605449
r1589,-0.00349173374857337
r1590,-0.00489321067906841
r1598,0.0029351978252427
r1599,-0.00770816877519307
r1602,-0.00566807153110757
r1603,-0.00312150837480695
r1606,-0.0040478645901583
r1607,-0.000686337097355071
r1608,0.00810589261918443
r1610,-0.00435893691218564
r1614,-0.00117280856031741
r1615,-0.000108358679926349
r1616,0.0011991424588806
r1619,-0.0121949230088958
r1621,-0.00847782181890288
r1622,-0.00604445351457727
r1624,-0.00813722675168349
r1625,-0.00697623642957495
r1628,-0.00322415676573442
r1629,0.0020556593648421
r1630,0.00462265946056138
r1631,0.00139643023364798
r1632,0.00247921710596768
r1633,0.00371405162932056
r1635,-0.00135165738103015
r1636,0.00386202334662974
r1637,0.00651249925600246
r1638,0.00320125244131726
r1641,0.00891457656781317
r1642,0.00520385858900765
r1645,0.0056148651908739
r1647,0.0104015565263236
r1649,-0.00068993573000429
r1650,0.000396284722417666
r1651,0.00168387164687923
r1654,-0.00217650410852445
r1655,-0.000921858295355227
r1656,0.00241573942990055
r1658,0.00243894153148785
r1660,0.00124581425759624
r1661,0.00469622494978029
r1662,0.00339025673505105
r1665,-0.0109093807149192
r1666,-0.00322949714514801
r1670,0.0128865047068832
r1671,0.00471942305615536
r1763,0.0329870499016199
r2080,-0.0242568785318985
r2081,-0.0113445633351366
r2082,0.060053030094463
r2084,-0.0244515882274287
r2086,0.00225397209520509
r2087,-0.00638386004858283
r2091,0.0154218577597792
r2094,0.00917314062450094
r2095,-0.00506567397576758
r2106,0.0400929467177394
r2110,-0.0144262662248219
r2112,0.00124675612252244
r2118,-0.0091902722084203
r2198,-0.0308139252147409
r2199,0.0170312532477506
r2202,-0.00218111134199263
r2313,-0.00944416465911285
r2314,-0.000537250326684399
r2317,0.0446399747413603
r2321,-0.0192014083157047
r2328,0.017152484986237
r2329,-0.0264178363978572
r2333,0.00743750864570642
r2335,0.0165637211429433
r2338,0.0170273074809211
r2371,-0.00512575238833934
r2372,0.0174635735608108
r2373,0.0048686866485546
r2375,-0.00395353610284794
r2376,0
r2378,0.000455817953851258
r2379,0.0287684454533412
r2380,0
r2434,0.00858430195057427
r2436,0.00683218595607694
r2473,0.0223723598693951
r2507,-0.0213363361701003
r2508,0.0685861322443417
r2509,0
r2510,0.00166896088638405
r2512,0.0235048653923207
r2513,0.0240414412974895
r2515,0.0295261760832909
r2517,0
r2519,0.00141903088791669
r2520,-0.0465880679410357
r2521,-0.00379724567676091
r2537,-0.00281856227048892
r2538,0.00885558413114518
RE0344C,-0.0230344876262816
RE0383C,0.0591707874188222
RE0453C,-0.00216151094418112
RE0453N,0.00701340568256937
RE0456N,0.00923925487741469
RE0569C,0.0022082605617032
RE0570C,0.0022082605617032
RE0571C,0.0022082605617032
RE0574C,0.00177216891935262
RE0575C,0.00177216891935262
RE0576C,0.00177216891935262
RE0577C,-0.00232022569922355
RE0578C,-0.063298299409363
RE0581C,0.00303935760706723
RE0915C,0.00942877198927732
RE0916C,0.000785888320620415
RE0918C,0
RE0958C,0.00147684018319853
RE0958E,-0.0498999841219905
RE1096C,0.000375326805474976
RE1099C,0
RE1100C,-0.0282069253924379
RE1100R,0.0282069253924379
RE1135C,-0.0345608266167095
RE1135R,0.0345608266167095
RE1448N,0.000740834870039936
RE1520M,0.00209886314689219
RE1521M,0.00209886314689219
RE1522M,0.00209886314689219
RE1525M,0.00209886314689219
RE1526M,0.00209886314689219
RE1527M,0.00209886314689219
RE1532M,0.00209886314689219
RE1533M,0.00209886314689219
RE1534M,0.00209886314689219
RE1573M,-0.000905771887683982
RE1573X,-0.0015100918707032
RE1804M,0.000376416239139616
RE1807M,0.000376416239139616
RE1810M,-0.000376416239139616
RE1834M,0.00120569107140091
RE1836C,0.000376416239139616
RE1915C,-0.00118789486011478
RE1918C,0.047629575787019
RE1978C,-0.0105688617466909
RE2078M,0.0363844929665372
RE2122C,0.00059394743005739
RE2130C,-0.0346579296825541
RE2147C,0.0140751683939936
RE2407C,0.000347865579928871
RE2410C,0.000865836402313482
RE2445E,-0
RE2649C,-0.060053030094463
RE2658C,0.00728521185254765
RE2675C,0.00081342547974318
RE2759X,0
RE2814M,0.000376416239139616
RE2888E,0.00153316390235059
RE2954C,-0.0151717527464554
RE2985M,0.00362989342728322
RE2992M,0.00209886314689219
RE2998M,0.00209886314689219
RE3009C,0.00134909836982489
RE3010C,-0.0141978021312774
RE3010M,-0.0444869101612484
RE3010X,0.00956263878919562
RE3011M,0.000816857117576371
RE3012C,-0.000254671445587108
RE3012M,0.000816857117576371
RE3013C,0.000494562886602939
RE3051C,0.00316865469908244
RE3073X,-0.0137702764571447
RE3074X,0
RE3095C,0.000461198960084469
RE3103C,0.0011524134423164
RE3104C,0.0011524134423164
RE3106C,0.00215661736965467
RE3110C,0.00215661736965467
RE3112C,0.00215661736965467
RE3113C,0.00215661736965467
RE3114R,-0.0330829189452927
RE3119C,0.00115669636126853
RE3120C,0.00115669636126853
RE3121C,0.00115669636126853
RE3122C,0.00115669636126853
RE3132R,0.020561257743862
RE3136C,0.000347865579928871
RE3146R,0
RE3151C,0.00225921578241687
RE3152C,0.00225921578241687
RE3153C,0.00225921578241687
RE3154C,0.000551876758310019
RE3160R,0
RE3161C,0.0012026132733907
RE3162C,0.0012026132733907
RE3163C,0.0012026132733907
RE3164C,0.0012026132733907
RE3169C,0.000934382211049035
RE3170C,0.000934382211049035
RE3171C,0.000934382211049035
RE3172C,0.000934382211049035
RE3173C,0.000551876758310019
RE3176C,0.000551876758310019
RE3238C,-0.065293192005997
RE3239C,-0.0670894677589128
RE3245C,-0.0492517499104994
RE3273C,0.00366356820207812
RE3273R,-0.00625978906236909
RE3286C,0.00104248044735149
RE3301C,-0.00680609322150342
RE3307C,-0.000682804657039286
RE3308M,0.064770360579126
RE3335M,0.064770360579126
RE3430C,-0.0141978021312774
RE3430M,0.00470406853383389
RE3430X,0.00956263878919562
RE3431C,-0.0081515041938926
RE3432C,-0.00808259900213894
RE3432M,0.00470406853383389
RE3432X,0.00956263878919562
RE3434R,6.89051917527101e-05
RE3435R,6.89051917527101e-05
RE3436R,6.89051917527101e-05
RE3437C,6.89051917527101e-05
RE3446C,6.89051917527101e-05
RE3446M,0
RE3446R,-6.89051917527101e-05
RE3469C,0.060686700861762
RE3470C,0.060686700861762
RE3476C,-0.0600038962047236
RE3496C,0.000313890974182823
RE3513C,0.0043155362926645
RE3525M,0.0027604628257053
RE3525R,0.00144879782860462
RE3526C,-0
RE3556C,0.0192014083157047
RE3565C,0.0192014083157047
RE3568C,0.0192014083157047
RE3587C,0.00105126312387941
RE3597C,-0.0159260111303011
RE3597M,0.000816857117576371
RE3597X,0.0150402488209714
RE3626M,0.0023014635123731
RE3628M,-0.00390261687206014
EX_prostgi2[e],-0.0165637211429433
EX_dtdp[e],-1.24757447782652e-16
EX_HC00004[e],-0.000299860355180247
EX_citr_L[e],0.00953269584700794
EX_HC01939[e],9.30555809287185e-06
EX_HC02203[e],0.0235565234136915
EX_HC02204[e],0.0192014083157047
EX_HC02213[e],0.000313890974182462
EX_HC02217[e],-0.00743750864570642
EX_CE2839[e],0.0484231439387913
EX_CE2838[e],-0.0498999841219905
EX_CE5867[e],-0
EX_CE5868[e],-0
EX_CE5869[e],-0
EX_crm_hs[e],-0.0149739058754894
EX_CE0074[e],0.00153316390235059
C100CPT1,0.00213693519694756
C10CRNe,0.00213693519694756
C12OHc,-0.0485391451957475
C140CPT1,-0.00398539003961992
C14OHc,0.000916838324294423
C2tcx,0.00323267150058579
C30CPT1,0.0503823271415552
C40CPT1,0.0109188841753658
C4CRNCPT2,0.0109188841753658
C4tmc,0.0109188841753658
C80CPT1,-0.026311756198294
DCATDc,-0.00332285183974707
DDCRNe,0
DOCOSACTDe,0.000154350855719549
DOCOSACTDr,-0.0631439485536431
EX_3ddcrn[e],-0.0485391451957475
EX_3tdcrn[e],0.000916838324294423
EX_c10crn[e],0.00213693519694756
EX_c8crn[e],-0.0176613628638156
EX_doco13ac[e],-0.000698611866665176
EX_docosac[e],-0.000139592099945297
EX_dca[e],0.00602337402977686
FAOXC101C102m,0.00160115335968704
FAOXC101C8m,0.000295682984405966
FAOXC101C8x,0.00140659136479338
FAOXC101m,-0
FAOXC101x,0.0010797750516414
FAOXC121C10x,0.00032681631315198
FAOXC121x,0.00032681631315198
FAOXC122C101m,0.00180375372516795
FAOXC122m,0.00180375372516795
FAOXC122x,0.0010797750516414
FAOXC12C10m,0.00244962483556814
FAOXC142C122m,0.00180375372516795
FAOXC142C122x,0.0010797750516414
FAOXC162C142m,0.000981514428362608
FAOXC163C142x,0.0010797750516414
FAOXC163C164Gm,0.000822239296805343
FAOXC163C164x,0.0010797750516414
FAOXC163GC142m,0.000822239296805343
FAOXC163Gm,0.000822239296805343
FAOXC163x,0.0010797750516414
FAOXC164C163x,0.0010797750516414
FAOXC164GC163m,0.000822239296805343
FAOXC16BRx,0.00858401991576472
FAOXC16C14m,0.00104752045737448
FAOXC181C161m,0.00196340560828652
FAOXC182C162m,0.000981514428362608
FAOXC183C163Gm,0.000822239296805343
FAOXC184C163x,0.0010797750516414
FAOXC184x,0.0010797750516414
FAOXC204C205x,0.0010797750516414
FAOXC205C184x,0.0010797750516414
FAOXC225C204x,0.0010797750516414
FAOXC225C226x,0.0010797750516414
FAOXC225x,0.0010797750516414
FAOXC226C225x,0.0010797750516414
FAOXC4C2m,0.00345155775290947
FAOXC61C4m,0.00410166777957041
FOAXC122C101x,0.0010797750516414
HDDACBP,-0.0485391451957475
HEXCOAACBP,0.00611594892040078
HTDCACBP,0.000916838324294423
HTDCRNe,0.000916838324294423
OCD11COACPT1,0.00196340560828652
OCD11CRNCACT,0.00196340560828652
OCD11CRNCPT2,0.00196340560828652
OCT11EFATP,0.00404948927831809
SUCCACT,0.00632736400265454
BGLUTDECHOe,-0
GUMDCHAe,0.0685861322443417
HISCAT1,0.00320961118339385
LINOFATPtc,0.00299863961538257
NACDe,0.0225815245721884
OCDEAFABP1tc,-0.0181185872933217
OLEICFATPtc,0.001787356568881
PALFATPtc,0.00216563253766855
PEHSFABPe,0
PMTCOAFABP1tc,-0.00196650519973757
PNTORDe,0.0685861322443417
PROGLYPRO1c,-0.0478782720741613
XOLEST2HSTDle,-0
4HPROLTASCT1,0.0240642774055102
5MTHFt2le,0.0128076202626818
ADNK3,0.00973987368770782
AHCYStd,-0.0039998111012041
AMETtd,-0.00399981110120409
ARACHFATPc,0.00134741967145615
ASPte,0.0107742031011898
CHSTEROLtrc,0.013657527645463
CRNrtx,0.00323267150058579
Coqe,0.0217392346975417
DHAPtc,0.0452931042251443
DPMVDc,0.00995928717420019
EX_4hpro[e],0.00126323588250696
EX_bglc[e],-0
EX_dchac[e],-0.0685861322443417
EX_gltdechol[e],-0
EX_gum[e],-0.0685861322443417
EX_gumdchac[e],0.0685861322443417
EX_tdechola[e],-0
EX_q10[e],-0.0217392346975417
EX_q10h2[e],0.0220069422256166
FE3MTP1,0.000450528290925709
GLU5SAtmc,0.016449607755123
GLYCTDle,0.0069680880331803
GNDc,0.00745745328979836
HMGCOARc,0.00528038816377478
IPDDI,0.00269511149255928
LACLt,0.0189608370651565
MEVK1c,0.00995928717420019
MTHFR3,0.0100496305261879
NADtm,-0.00236938135255654
NADtx,0.0168056885951213
P5CR,0.016449607755123
PHEMEe,0.000766419635993333
PMEVKc,0.00995928717420019
PPItm,-0.00455750027389581
Q10H2e,0.0220069422256166
RTOTAL2FATPc,0
RTOTALFATPc,0
TTDCAFATPc,0
q10h2tc,0.0220069422256166
q10tm,0.0217392346975417
3MOBte,0.00768816108330016
4HPRO_LTte,0.0228010415230029
EX_3mob[e],-0.00768816108330016
MAL_Lte,0.0516947201215006
OROTGLUt,-0.0371527656090708
GLYALDtr,0.000751761998930435
PEPtr,-0.0545792300230289
CRTNtr,-0
CITRtr,-0.00804276993599864
THYMDtr2,-0.00457832082016424
DCMPtr,-0.0108886974214384
DHAPtr,0.00510957143835044
DMGLYtr,-0.00709538489587665
G3PCtr,0.00607946237111649
GLCURtr,-0.00352923348643212
IMPtr,-0.0204572402689719
NICRNtr,0.024128094051571
EX_dcmp[e],0.0108886974214384
EX_dmgly[e],0.00709538489587665
EX_g3pc[e],-0.00607946237111649
EX_glyald[e],-0.000751761998930435
EX_hcys_L[e],-0.00837310118303459
EX_pep[e],-0.0545792300230289
EX_nicrnt[e],-0.024128094051571
ARACHDFATPtc,0.00467642390240836
DHEASABCCte,0.00119387263481814
ESTROSABCCte,0.00122840017362587
FOLOAT1tc,-0.0364592107631015
LGNCFATPtc,0.00219378538321864
GLCt4,-0.00164000089318274
PHEMEt,-0
RETt,0.0469495051092654
r0963,0.0359215386306291
r0295,0.051484000571726
ARGSUCte,0.0226849045480914
ACRNte,0.0622168812327161
EX_argsuc[e],0.0226849045480914
EX_acrn[e],0.0622168812327161
EX_pcrn[e],0.0503823271415552
PCREATte,-0.0539862938897376
HC00342te,0.0168864422347212
biomass_maintenance_noTrTr,0.00153307072694445
ALPA_HSx,0.0154481983251601
PHACGLYc,0.00330377588742128
XOLEST182CEH,0.00457158037556397
MAGLINL_HSe,0.0154669073445465
3HMPtd,0.00175647604156412
5HPETtd,-0.0388350716105794
7DHCHSTEROLtd,-0.010686679904222
ACGLYtc,0.0600068889684581
ACGLYte,0.0600068889684581
AMETt,-0.0237035882324973
BILIVERDt,-0.0141471077485716
C04717ATP,0
C04717td,0.00111902342511965
C04805td,0.0606393394590374
C05953td,0.0235565234136915
C05953tm,0.0363844929665372
C06439t,-0.0177140809426346
C06439td,-0.00838986448104011
C11695td,0.0105688617466909
C14768td,0.00104248044735149
CE2176t,0.0537698238264673
CE2445t,0.000682804657039286
CE2510t,0.00243229076438867
CE2513td,0.00601693073811195
EX_12HPET[e],-0.00661085736593231
EX_3hmp[e],0.00175647604156412
EX_5HPET[e],-0.0388350716105794
EX_7dhchsterol[e],-0.010686679904222
EX_acgly[e],0.0600068889684581
EX_amet[e],-0.0237035882324973
EX_biliverd[e],-0.0141471077485716
EX_C04717[e],0.00111902342511965
EX_C04805[e],0.0606393394590374
EX_C11695[e],0.0105688617466909
EX_C14768[e],0.00104248044735149
EX_CE2176[e],-0.0537698238264673
EX_CE2445[e],0.000682804657039286
EX_elaidcrn[e],-0.052795850629073
EX_hxcoa[e],0.00354254179549498
EX_leuktrB4wcooh[e],0.000631090863741686
EX_leuktrB4woh[e],0.00103912105525132
EX_lnlccrn[e],-0.0012319752712618
EX_maglinl_hs[e],0.0154669073445465
EX_tmlys[e],0.00211411309735484
EX_ttdcrn[e],-0.0589165978251026
EX_xolest182_hs[e],-0.00457158037556397
GLYACm,0.0600068889684581
HC00319t1,-0
HC00900t2,0.00108618699874758
HC00900t3,0.0629369211062736
HC00900t4,-0.0640231081050225
HXCOAte,0.00354254179549498
HXCOAtx,0.0100573527532851
LEUKTRB4WCOOHt,0.000631090863741686
LEUKTRB4WOHt,0.00103912105525132
LNLCCRNtd,-0.0012319752712618
pac,-0.00473540177139826
TMLYStd,0.00211411309735484
TTDCEAATP,0.00127509184421675
PHACGLYt,0.00330377588742128
EX_phacgly[e],0.00330377588742128
EX_5aop[e],-0.0616665561324023
EX_CE2510[e],-0.0017194162951399
EX_ddca[e],0.0562388280530796
EX_pac[e],-0.00473540177139826
EX_ttdcea[e],0.0530544538013949
TTDCEAt,0.0518537387302368
HC02197c,0
DCHOLESTANCOAc,0.000376416239139616
XOL27OHtmc,-0.000376416239139616
ALPA_HStc,0.0154481983251601
r0202m,0.0452931042251443
MALTTTRt,0.00942877198927732
1MNCAMt,-0.00154656947938249
PROGLyt,0.0478782720741613
DHBPTt,-0.0449969786256362
THBPTt,0.0449969786256362
EX_maltttr[e],-0.00942877198927732
EX_1mncam[e],0.00154656947938249
EX_progly[e],0.0478782720741613
EX_dhbpt[e],-0.0449969786256362
EX_thbpt[e],0.0449969786256362
XOLEST182_HSte,0.00457158037556397
3DDCRNtr,0.0485391451957475
3TDCRNtr,-0
C8CRNtr,0.0176613628638156
ELAIDCRNtr,0.052795850629073
PCRNtr,-0.0503823271415552
TTDCRNtr,0.0589165978251026
EX_sphmyln_hs[e],-0.000756195517969861
XOLEST182tl,0.00457158037556397
PA_HStm,-0.00392591310132828
FldAct,0.0290365410445862
MLTHFtm,0.0279118466057707
PGPP_hsc,0.0046303510437352
CE2512te,-0.000698018266184124
CE0328te,-0
5AOPt2,0.0616665561324023
ACNAMt2,0.00411598763194168
AGPAT2,0.025699789107062
ARGtD,-0.0196925861251319
C160CPT2rbc,-0
C181CPT2rbc,-0.0492538069524734
ETHAt,-0.00731698311595766
HCYSte,0.00837310118303459
OROte,0.0371527656090708
UGT1A10c,-0.0122232563912615
UNK3r,-0.00372730305235982
DDCAte,0.0563398355915349
EX_acnam[e],-0.00411598763194168
EX_pcreat[e],-0.0539862938897376
EX_HC00342[e],0.0168864422347212
3HMPtm,0.00175647604156412
PGP_hs_tm,-0.00346389734061625
PROSTGE2t2r,0.0261655481806152
PROSTGE2t2m,-0.0363844929665372
PGLYCtm,0.00462058166006718
DXTRNt,-8.49195645020683e-05
EX_dxtrn[e],-8.49195645020683e-05
ACACT1r,-0.00300155120829642
ACONT,-0.00443929185317696
ACS,0.00213019883220729
ADK1,-0.0645691691978307
ADPT,0.0106824371124334
AMPTASECG,0.0216327298611345
BPNT,0.00634515061325305
CO2t,-0.0478072296745075
CPPPGO,0.00206219005520751
CTPS1,0.00172864097468979
CYTDt2r,-0.0136585076647196
DGK1,0.0027209815941385
DHFR,-0.0101221812546707
DMATT,0.00269511149255928
DURIPP,-0.0263291410476159
EX_adn[e],0.00643941103029436
EX_akg[e],-0.0339359992306953
EX_asn_L[e],-0.029573201834317
EX_asp_L[e],0.0107742031011898
EX_but[e],0.00200021973085965
EX_cgly[e],-0.00490505496099157
EX_cytd[e],0.0181820473558736
EX_dad_2[e],-0.0249845023381822
EX_dcyt[e],-0.00225982875969191
EX_dgsn[e],-0.0159304425266175
EX_din[e],-0.0267126286518713
EX_duri[e],0.0315339177017292
EX_fe3[e],-0.000766419635993333
EX_glu_L[e],-0.0078740906943629
EX_h[e],0.00131171612173872
EX_h2o[e],0
EX_ile_L[e],0.000665723325643905
EX_ins[e],-0.00509723265697002
EX_lac_L[e],0.018960837065156
EX_leu_L[e],-0.000731685513743761
EX_mal_L[e],-0.0516947201215006
EX_met_L[e],0.0287198357462168
EX_o2[e],-0.00615711008987764
EX_orn[e],-0.0150307218357716
EX_pi[e],0.0326275494104375
EX_ppi[e],0.00310048197576945
EX_pro_L[e],-0.0323665956070041
EX_ser_L[e],-0.00778638284724282
EX_so4[e],-0.000984856856076039
EX_succ[e],0.0534494312802508
EX_thymd[e],0.00149299501633008
EX_urea[e],0.00153316390235059
EX_val_L[e],-0.000137852358233223
FBA,0.00792178622800085
FCLTc,0.000772083941343214
FT,0
FUM,-0.0163404627310604
G5SADs,0.016449607755123
GALU,0.0431536554628834
GALt2_2,-0.0223554843013988
GF6PTA,0.0175457682258281
GHMT2r,0.00442421288450131
GK1,-0.00173497454265047
GLNS,0.00198857421321538
GMAND,0.0209514775694371
GRTT,0.00269511149255928
GTPCI,0.000302165351731562
GUAPRT,0.00283158237324526
H2CO3D,0.0464145141868314
HMBS,0.00770831951655029
IMPD,0.000627182077273613
MAN1PT2,0.0176231529345825
MAN6PI,-0.0180018647119213
MCOATA,0.0205415633808496
MTHFC,0.0169140017418665
MTHFD,0.0538135858040331
NADK,0.00312802203370411
NDPK3,-0.0118971890044754
NDPK9,-0
NNATr,0.000521331836901425
O2t,0.0373252453597794
PGI,-0.00296223565943732
PGMT,0.0154293223835162
PMANM,-0.0191380771222428
PNP,0.00218543473927653
PPBNGS,0.0308332780662012
PPM,0.0320635370434798
PRPPS,0.00507848256307656
PUNP2,0.0232228452649098
PUNP3,0.0201790460282654
PUNP4,0.0132094609324781
PUNP5,0.00618647876498258
PUNP6,0.0267126286518714
PUNP7,-0.0201790460282654
RNDR1,0.030953522511107
RNDR3,0.0166863073845317
RNDR4,0.0493042922363552
RPE,0.0349017786165269
RPI,0
TALA,0.0174508893082635
THMDt2r,-0.00607131583649466
THRS,0.00133141253636183
TKT1,0.0174508893082635
TKT2,0.0174508893082635
TMDK1,0.00244406730969906
UAG4E,-0.0029546496012958
UAGDP,0.0118003731097466
UDPG4E,0.0363948088230648
UPP3S,0.00453966481746785
UPPDC1,0.00206219005520751
r0010,0.0422183605084297
r0082,-0
r0127,0.0111959592172326
r0345,-0.00231776500076079
r0422,0
r0570,0.0258533135409752
ACCOAC,0.0114526263405951
EX_gly[e],0.046155433793601
EX_cys_L[e],-0.0481000603431392
EX_ala_L[e],0.024235680558026
EX_his_L[e],0.000467312119209254
EX_thr_L[e],-0.00594802352774967
EX_gln_L[e],-0.0491025156629627
EX_phe_L[e],0.000521098467811724
EX_tyr_L[e],-0.0203215035898547
NTD2,0.00135252617972698
NTD5,0.00393706232602947
NTD11,0.00108924610801254
EX_arg_L[e],0.0196925861251319
EX_for[e],0.00104289534296699
EX_nac[e],0.0225815245721884
GUAt,-0.0305569245874975
ADPRDP,0.000795281135186561
EX_nh4[e],0.055622168701326
NH4tb,-0.0252321529497625
EX_ac[e],0.0529933893072811
RBK,0.000959305317585255
AGDC,0.011917580209986
AMANK,0.00043626358395148
ARGSL,-0.0219292712223527
CITL,0.0134622241981317
CYTK1,-0.0140678474816393
DRBK,0.00163305250341689
EX_drib[e],0.00932942775725339
EX_etha[e],0.00731698311595766
EX_fol[e],0.000537672132471724
EX_fru[e],0.0365325257612675
EX_glcur[e],0.00352923348643212
EX_glyc[e],-0.0187493345925448
EX_hxan[e],0.00541251207275107
EX_malt[e],-0.00371070459590888
EX_man[e],-0.00113621241032131
EX_ptrc[e],0.00214421712888766
EX_rib_D[e],-0.000959305317585255
EX_trp_L[e],-0.000193772418642414
FACOAL161,-0.00654720964043951
G6PDA,0.0101113989961616
GALK,0.00172631145942803
GALT,0.0402839723669959
GLYK,0.0069680880331803
GPDDA1,0.0152180456668216
HEX7,0.00165775762252986
HXPRT,0.0153493587629018
HYXNt,-0.00541251207275107
LGTHL,0.0465880679410357
MALT,0.0061315522468972
MDH,-0.0134622241981317
MI3PP,3.57439870589164e-05
NTD5_a,0.00446287831980928
PFK,0.00792178622800085
PHETA1,0.0119899592584709
PIt7,-0.0666798716243843
TMDS,0.00149299556844878
r0792,-0.0220892581124497
EX_ppa[e],-0.060053030094463
UGLT,-0.0385576609075687
EX_pyr[e],-0.00636143874393986
ACGAM2E,0.00043626358395148
DCMPDA,-0.0302870543094579
EX_lcts[e],-0.00614622746570026
FTHFL,0.00146255900377189
EX_etoh[e],-0.0540286756182897
ETOHt,0.0540286756182897
EX_acald[e],0.0250106837934821
ACALDt,-0.0250106837934821
AACOAT,0.00300155120829642
EX_pheme[e],0.000766419635993333
MTRI,0.000135047172708417
NADN,0.000795281135186561
MTHFD2,-0.0368995840621668
EX_gua[e],0.0305569245874975
AHC,0.0209871299846286
ABUTt2r,-0.029566643406009
EX_tym[e],-0.00180871869782184
PHPYRtm,-0.0119899592584709
3MOX4HOXMte,0.0195054722073807
EX_3mox4hoxm[e],0.0195054722073807
GLXte,0.00242162525097372
EX_glx[e],0.00242162525097372
CE2176tm,0.0543637712565247
NACVANALAm,0.0543637712565247
NACVANALAtm,0.0543637712565247
NACVANALAte,0.0543637712565247
EX_nacvanala[e],0.0543637712565247
CAPROICc,0.00142343096780552
5OHHEXAc,0.000737262795947215
5OHHEXAte,0.000737262795947215
EX_5ohhexa[e],0.000737262795947215
ETHMALCOAc,0.00135041248583043
ETHMALACc,0.00135041248583043
ETHMALACte,0.00135041248583043
EX_ethmalac[e],0.00135041248583043
4OHBUTm,0.0446485377537224
4OHBUTtmc,0.0446485377537224
4OHBUTtce,0.0446485377537224
EX_4ohbut[e],0.0446485377537224
12HPETUPKt,0.00782907779926929
AK2LGCHOLABCt,0.000711373516145055
DIGALSGALSIDESECt,0
PAFABCt,0.000714759527724236
SPHMYLN18116_hs_SECt,0
SPHMYLN18120_hs_SECt,0
SPHMYLN181221_hs_SECt,0
SPHMYLN18123_hs_SECt,0
SPHMYLN1824_hs_SECt,0
SPHMYLN1825_hs_SECt,0
DIGALSGALSIDEt1e,0
SPHMYLN18116_hs_t1,0
SPHMYLN18120_hs_t1,0
SPHMYLN181221_hs_t1,0
SPHMYLN18123_hs_t1,0
SPHMYLN1824_hs_t1,0
SPHMYLN1825_hs_t1,0
T4HCINNMte,0.020561233996604
C05301te,0.000494562886602939
17AHPRGSTRNte,0.000587091191135891
C09642te,0.047629575787019
PPP9ABCte,0.000500319777660411
TYMte,-0.00180871869782184
T4HCINNMtm,0.0206802671479272
EX_T4hcinnm[e],0.020561233996604
4HBZtm,-0.000119033151323098
SUCSALtm,0.0178538551230879
SUCSALte,0.0178538551230879
EX_sucsal[e],0.0178538551230879
DHEAte,0.000483122652126309
EX_dhea[e],0.000483122652126309
EX_C05301[e],0.000494562886602939
EX_17ahprgstrn[e],0.000587091191135891
XOL27OHte,0.00234055602425703
EX_xol27oh[e],0.00234055602425703
13_CIS_RETNte,-0.000281494252622114
EX_13_cis_retn[e],-0.000281494252622114
CE1617te,0.00728521185254765
EX_CE1617[e],0.00728521185254765
LDL_HSSYN,0.016063855309532
LDL_HSDEG,0.0150150237234707
EX_C09642[e],0.047629575787019
C05769te2,0.00316865469908244
EX_C05769[e],0.00316865469908244
12PPDRte,0.0147394940198015
EX_12ppd_R[e],0.0147394940198015
AMETAMte,0.00325626571163426
EX_ametam[e],0.00325626571163426
SPHGNSte,0.0309552281551372
EX_sphings[e],0.0309552281551372
EX_ppp9[e],0.000500319777660411
SPHGNte,0.0420212041352876
EX_sphgn[e],-0.0420212041352876
LANOSTtr,0.000387533500083101
EX_ldl_hs[e],0.00104883158606136
EX_HC00005[e],-0.00209766317212309
HC00007te,9.82577608513723e-06
EX_HC00007[e],9.82577608513723e-06
HC00009te,8.79923630460542e-05
EX_HC00009[e],8.79923630460542e-05
HC00004t1e,0.000299860355180247
DOPACHRMDC,0.00059394743005739
CE1261t,-0.00118789486011478
DOPAOQCYS,0.0678974796243199
DACT,0.066842333234174
DACGST,-0.066842333234174
4GLU56DIHDINDt,-0.066842333234174
EX_4glu56dihdind[e],-0.066842333234174
5CYSDOPAt,0.0678974796243199
EX_5cysdopa[e],0.0678974796243199
CE2172t,-0.0346579296825541
EX_CE2172[e],-0.0346579296825541
BGAL1l,0.00196676061771021
CRMte,0.0149739058754894
EX_gluside_hs[e],-0.00431070675546029
GLUSIDEte,-0
GM1tl,0.00965653093345041
GM2tl,0.00203460018527566
NEU11l,0.00400136080298587
NEU22,0.00346355063673036
NEU23,0.00294694573728707
NEU24,0.0030603376785371
SMS1S2,0.0127799978116318
SPHMYLNtl2,0.000756195517969861
DAG_HStg,0.0127799978116318
PAPStl,0.000596578714709229
PAPtl,0.000596578714709229
CATr,0.00232094309894434
EX_CE1261[e],-0.00118789486011478
EX_gm1_hs[e],-0.00965653093345041
EX_gm2_hs[e],-0.00203460018527566
HMR_0001,-0
HMR_0002,0.0263941694815033
HMR_0003,0.0263941694815033
HMR_0006,3.63055679997021e-06
HMR_0007,0.0216394770581201
HMR_0008,0.0263894208405312
HMR_0011,0.0685861322443417
HMR_0013,0.000262207896515345
HMR_0015,0.0307047125120221
HMR_0016,0.0336727149173056
HMR_0017,0.0216041775202366
HMR_0019,0.0315723080871054
HMR_0020,-0.00758347967268592
HMR_0155,0.0161811192087095
HMR_0156,-0.00137781221447824
HMR_0157,0.0187182581346811
HMR_0164,-0.000827675399815586
HMR_0165,-0.000827675399815586
HMR_0166,-0.000827675399815586
HMR_0167,-0.0118934970822426
HMR_0168,-0.0112073289103852
HMR_0170,-3.3124712931454e-05
HMR_0171,-3.3124712931454e-05
HMR_0172,-3.3124712931454e-05
HMR_0176,6.60650306867102e-05
HMR_0177,6.60650306867102e-05
HMR_0178,6.60650306867102e-05
HMR_0180,-0.00332285183974707
HMR_0182,-0.0060565587232226
HMR_0183,-0.00114910726528854
HMR_0184,-0.00114910726528854
HMR_0185,-0.00114910726528854
HMR_0188,-0.0555159785696214
HMR_0189,0.000823857021914049
HMR_0191,0.0042888318678378
HMR_0192,0.00275381213792544
HMR_0193,0.000817116285655903
HMR_0194,0.00235213601556931
HMR_0197,0.00304420103798677
HMR_0200,-0.0520663141091289
HMR_0201,0.00106251646532536
HMR_0203,0.00295190285031254
HMR_0204,-0.000665998429537722
HMR_0206,0
HMR_0207,0.00361790127985026
HMR_0208,0.00264764660177765
HMR_0209,-9.97178347146464e-05
HMR_0210,0.0007853653660297
HMR_0211,0.00353272980252382
HMR_0214,0.0248778563104105
HMR_0230,0
HMR_0232,0.00603239620437914
HMR_0233,0.00479796771124207
HMR_0234,0.000787312425598489
HMR_0235,0.00202174091873598
HMR_0238,0.00126481798945718
HMR_0240,0.00320134745070614
HMR_0241,0.000973212173928286
HMR_0242,0.000829196825363278
HMR_0243,0.00305733210214017
HMR_0244,0.00293211088930053
HMR_0245,-0.000537623177837558
HMR_0246,0
HMR_0247,0.00346973406713808
HMR_0254,0.00239376811325326
HMR_0255,-0.00122664153704596
HMR_0256,0.000815324256373855
HMR_0257,0.00443573390667313
HMR_0259,-0.00676635704505133
HMR_0260,0.000808844664996131
HMR_0267,-0.055111339616084
HMR_0268,0.000829796532302604
HMR_0270,0.00233573555517937
HMR_0271,-0.00132155749200136
HMR_0272,0.000812041135305166
HMR_0273,0.00446933418248447
HMR_0276,0.00081249557894895
HMR_0278,0.00316720553117986
HMR_0279,0.000890219082460681
HMR_0280,0.00082259028467615
HMR_0281,0.00309957673339464
HMR_0288,0.00432208059281532
HMR_0289,0.00278663438971477
HMR_0290,0.000798206292306403
HMR_0291,0.00233365249540738
HMR_0292,0.00399988304215981
HMR_0293,-0.0637255997282258
HMR_0296,0.000982661852874087
HMR_0297,0.00197731309314779
HMR_0298,0.000994651240273368
HMR_0300,0.00362347714965444
HMR_0301,0.00169588931693284
HMR_0302,0.000782302047419874
HMR_0303,0.00270988988014163
HMR_0304,0.00319468181752141
HMR_0305,0.000781138944247758
HMR_0306,0.000789921302310504
HMR_0307,0.00320346417558446
HMR_0308,0.00395038270206451
HMR_0309,0.00219915851090793
HMR_0310,0.000808038795433694
HMR_0311,0.00255926298659005
HMR_0319,-0.0663914494927291
HMR_0322,0.00225996242780953
HMR_0323,-0.000740351630126486
HMR_0324,0.000764430967992682
HMR_0325,0.00376474502592888
HMR_0326,0.00312762601458339
HMR_0327,0.00108631660504812
HMR_0328,0.000762161856310661
HMR_0329,0.00280347126584638
HMR_0342,0.000849704021409433
HMR_0344,0.00278733246442916
HMR_0345,9.02801315159965e-05
HMR_0346,0.000816819867479954
HMR_0347,0.00351387220039297
HMR_0350,0.000943574986553386
HMR_0354,0.00103895742440298
HMR_0358,0.000864141775470089
HMR_0362,0.000930129156569487
HMR_0366,0.000858932158019535
HMR_0370,-0
HMR_0374,-0
HMR_0378,0.000747174039848811
HMR_0380,0.00348661312492491
HMR_0381,0.00150649780226521
HMR_0382,0.000839694744714217
HMR_0383,0.00281981006737558
HMR_0384,0.00276331003123366
HMR_0385,2.48816164194794e-05
HMR_0386,0.000812451668748286
HMR_0387,0.00355088008356198
HMR_0388,0.00298182290136668
HMR_0389,0.000447375211088662
HMR_0390,0.000836132397666787
HMR_0391,0.00337058008794605
HMR_0392,0.00297108732966883
HMR_0393,0.000562776928947458
HMR_0394,0.000797737278686119
HMR_0395,0.00320604767940884
HMR_0398,0.00252333966076014
HMR_0402,0.000817044777112126
HMR_0406,0.000846949470509401
HMR_0410,0.00160172897121068
HMR_0414,0.000794696724363326
HMR_0418,-0
HMR_0422,0.000849558568541746
HMR_0426,0.000855386335102234
HMR_0428,0.00289672868334907
HMR_0429,0.000318572192895853
HMR_0430,0.000806193475057019
HMR_0431,0.00338434996551094
HMR_0432,0.00312787363968562
HMR_0433,0.000828660396342412
HMR_0434,0.000828957196585632
HMR_0435,0.00312817043992615
HMR_0436,0.00324118386593991
HMR_0437,0.00112216665195953
HMR_0438,0.000910592653404564
HMR_0439,0.00302960986738352
HMR_0467,-0.00625978906236909
HMR_0468,-0
HMR_0470,-2.33672952556472e-09
HMR_0478,0.00882766310239275
HMR_0482,0.0347695159412945
HMR_0488,0
HMR_0495,0
HMR_0501,0
HMR_0522,0
HMR_0523,0
HMR_0525,0
HMR_0526,0
HMR_0529,0
HMR_0535,0
HMR_0536,0
HMR_0538,0
HMR_0541,0
HMR_0553,0
HMR_0561,0
HMR_0582,0.00116645370311896
HMR_0586,9.76938366802342e-06
HMR_0587,-9.76938366802342e-06
HMR_0593,0.00123909465153897
HMR_0594,-0
HMR_0597,0.00184603835726232
HMR_0598,0.00043625224719075
HMR_0601,0.00123909465153897
HMR_0602,-0
HMR_0614,0.00043625224719075
HMR_0625,0.00184603835726232
HMR_0629,0.00184603835726232
HMR_0634,0.00663823918639114
HMR_0641,0.00389608824629105
HMR_0642,0.00043625224719075
HMR_0653,0.0108716654847887
HMR_0654,0.0108716654847887
HMR_0657,0.0108716654847887
HMR_0667,0.000267711056452189
HMR_0672,0.00123909465153897
HMR_0673,0.000267711056452189
HMR_0678,0.00123909465153897
HMR_0703,0.00142613304386929
HMR_0750,0.0467594487367076
HMR_0753,-0.00123909465153897
HMR_0758,0.0479985433882471
HMR_0761,0.00616401217884178
HMR_0763,-0.00137505954882577
HMR_0765,0.00151057033558156
HMR_0767,0.00156648720680344
HMR_0770,-0.00431070675546029
HMR_0775,0.000769092237494219
HMR_0792,0.000596578714709229
HMR_0795,0.000889562702567191
HMR_0803,0.00515906199784484
HMR_0805,0.00214209024027449
HMR_0806,0.000827110085641884
HMR_0807,0.00286725338849116
HMR_0808,0.000827110085641884
HMR_0809,0.00075069456515853
HMR_0810,0.00107058901547176
HMR_0811,0.00107058901547176
HMR_0812,0.00075069456515853
HMR_0814,0.00075069456515853
HMR_0815,0.00163027504499212
HMR_0816,0.00350718569252911
HMR_0817,0.000516119266160274
HMR_0819,0.00605140410490593
HMR_0821,0.00417449345736895
HMR_0823,0.000516119266160274
HMR_0824,0.001926170349581
HMR_0825,0.00374181093311929
HMR_0828,0.00232590694023518
HMR_0829,0.0060707806677979
HMR_0830,0.00919912755610163
HMR_0831,-0.0076897703157402
HMR_0835,0.00400136080298587
HMR_0836,0.00400136080298587
HMR_0837,0.00270859492418415
HMR_0839,0.00112759646820929
HMR_0841,0.000510266356696901
HMR_0843,0.000802439948068553
HMR_0844,0.00254187651007086
HMR_0847,0.000778335471084071
HMR_0848,0.00247038396600299
HMR_0851,0.000802439948068553
HMR_0852,0.00225604146144561
HMR_0853,0.00209711772213513
HMR_0854,0.000778335471084071
HMR_0855,0.000510266356696901
HMR_0859,0.0105969532826992
HMR_0860,0.00334487494400714
HMR_0864,0.00118670382617552
HMR_0865,0.00215817111783161
HMR_0866,0.00215817111783161
HMR_0868,0.00118670382617552
HMR_0873,-0.00334487494400743
HMR_0875,0.00725207833869204
HMR_0876,0.00151628492199119
HMR_0877,0.00151628492199119
HMR_0883,0.00225337982261683
HMR_0884,0.00225337982261683
HMR_0885,0.00225337982261683
HMR_0886,0.00225337982261683
HMR_0887,0.00225337982261683
HMR_0889,0.00348241359408408
HMR_0890,0.00348241359408408
HMR_0891,0.000675655834259128
HMR_0892,0.000675655834259128
HMR_0893,0.000675655834259128
HMR_0894,0.000675655834259128
HMR_0895,0.000675655834259128
HMR_0898,0.00280675775982495
HMR_0899,0.00211448501376171
HMR_0900,0.00211448501376171
HMR_0902,0.000692272746063242
HMR_0903,0.000692272746063242
HMR_0904,0.000692272746063242
HMR_0905,0.000692272746063242
HMR_0960,0.00353303891152298
HMR_0962,0.00552092565141059
HMR_0963,0.00552092565141059
HMR_0966,0.00289759565720925
HMR_0979,-0.0623871283919243
HMR_1030,0.00121822043333732
HMR_1033,0.00066734414544692
HMR_1037,0.008631072585329
HMR_1039,0.00066734414544692
HMR_1077,0.00066734414544692
HMR_1081,0.0313511755414245
HMR_1084,0.0214088449751853
HMR_1085,0.014818999621947
HMR_1095,0.0022041130243801
HMR_1102,0.0491909786950824
HMR_1104,0.00956263878919562
HMR_1126,0.000784449609664207
HMR_1127,0.000816857117576371
HMR_1129,-0.000254671445587108
HMR_1135,0.0150402488209714
HMR_1145,-0.064770360579126
HMR_1150,-0.064770360579126
HMR_1158,-0.064770360579126
HMR_1186,-0.064770360579126
HMR_1187,0.064770360579126
HMR_1232,0
HMR_1240,6.89051917527101e-05
HMR_1242,-0.0150402488209714
HMR_1243,-0.000816857117576371
HMR_1269,6.89051917527101e-05
HMR_1280,0.00611520312913759
HMR_1283,-0.00956263878919562
HMR_1284,-0.00470406853383389
HMR_1305,0.000680154081283308
HMR_1306,0.00743750864570642
HMR_1307,0.00811766272698973
HMR_1311,0.00038915938583767
HMR_1312,0
HMR_1321,0.0128279695528453
HMR_1390,0.00105126312387941
HMR_1392,0.00105126312387941
HMR_1465,-0.000826168482159259
HMR_1470,0.000826168482159259
HMR_1473,0.000826168482159259
HMR_1477,0.000865836402313487
HMR_1478,0.000865836402313487
HMR_1479,0.000865836402313487
HMR_1490,0.000865836402313487
HMR_1493,0.000865836402313487
HMR_1494,0.000865836402313487
HMR_1495,0.000542873075145099
HMR_1496,0.000322963327168388
HMR_1502,0.000865836402313482
HMR_1503,0.000865836402313482
HMR_1504,0.000865836402313482
HMR_1505,0.000865836402313482
HMR_1509,0.000865836402313482
HMR_1512,0.000865836402313482
HMR_1516,0.000865836402313482
HMR_1526,0.000865836402313482
HMR_1532,-0
HMR_1536,0.000347865579928871
HMR_1538,0.000347865579928871
HMR_1539,0.000347865579928871
HMR_1540,0.000347865579928871
HMR_1543,0.000347865579928871
HMR_1544,0.000347865579928871
HMR_1545,0.000347865579928871
HMR_1546,0.000347865579928871
HMR_1547,0.000347865579928871
HMR_1548,0.000347865579928871
HMR_1549,0.000347865579928871
HMR_1550,0.000347865579928871
HMR_1551,0.000347865579928871
HMR_1552,0.000347865579928871
HMR_1557,0.000347865579928871
HMR_1565,0.0110345454841505
HMR_1620,0
HMR_1623,-0
HMR_1629,-0.00098908098943403
HMR_1631,0.00098908098943403
HMR_1666,0.00120569107140091
HMR_1681,0.000376416239139616
HMR_1694,-0.000376416239139616
HMR_1703,0.002184696084673
HMR_1704,0.002184696084673
HMR_1706,0.00618474305119185
HMR_1708,0.00459055131217864
HMR_1710,0.00459055131217864
HMR_1735,0.000531913763848313
HMR_1737,0.000531913763848313
HMR_1762,0.00176047398517997
HMR_1764,-0.00176047398517997
HMR_1765,0.00176047398517997
HMR_1786,0.00271697226339663
HMR_1847,-0
HMR_1897,0.000923009858620501
HMR_1916,0.0107629005593801
HMR_1927,0.0017944807600998
HMR_1928,0.0017944807600998
HMR_1929,0.0017944807600998
HMR_1944,0.0017944807600998
HMR_1958,0.0017944807600998
HMR_1962,0
HMR_1981,0.000962417996610859
HMR_2010,0.00102241406777494
HMR_2011,0.00102241406777494
HMR_2029,0.000707562285031358
HMR_2030,0.00206989758694158
HMR_2031,0.00206989758694158
HMR_2032,0.000375326805474976
HMR_2033,0.000375326805474976
HMR_2034,0.000375326805474976
HMR_2041,0.0294801980815195
HMR_2087,0.00786708529009895
HMR_2088,0.00786708529009895
HMR_2089,-0.00786708529009895
HMR_2090,-0.00786708529009895
HMR_2114,0
HMR_2116,-0.0622350344237291
HMR_2190,0.00303935760706723
HMR_2193,0.00303935760706723
HMR_2210,0.0022082605617032
HMR_2211,0.00177216891935262
HMR_2215,0.00395576159764353
HMR_2217,0.00395576159764353
HMR_2218,0.00395576159764353
HMR_2219,0.00395576159764353
HMR_2227,0.00293450905440708
HMR_2228,0.00293450905440708
HMR_2229,0.00293450905440708
HMR_2230,0.00293450905440708
HMR_2231,0.00293450905440708
HMR_2232,0.00293450905440708
HMR_2233,0.00293450905440708
HMR_2234,0.00293450905440708
HMR_2235,0.00293450905440708
HMR_2236,0.00293450905440708
HMR_2237,0.00293450905440708
HMR_2238,0.00293450905440708
HMR_2239,0.00293450905440708
HMR_2240,0.00293450905440708
HMR_2241,0.00293450905440708
HMR_2242,0.00293450905440708
HMR_2243,0.00293450905440708
HMR_2244,0.00293450905440708
HMR_2245,0.00293450905440708
HMR_2246,0.00293450905440708
HMR_2247,0.00293450905440708
HMR_2249,0.00293450905440708
HMR_2250,0.00293450905440708
HMR_2251,0.00293450905440708
HMR_2252,0.00293450905440708
HMR_2254,0.00293450905440708
HMR_2255,0.00293450905440708
HMR_2256,0.00293450905440708
HMR_2257,0.00293450905440708
HMR_2258,0.00293450905440708
HMR_2259,0.000457746443076032
HMR_2260,0.000457746443076032
HMR_2261,0.000457746443076032
HMR_2262,0.000457746443076032
HMR_2263,0.00116031845185968
HMR_2264,0.00116031845185968
HMR_2265,0.00116031845185968
HMR_2266,0.00116031845185968
HMR_2267,0.000844985718822712
HMR_2268,0.000844985718822712
HMR_2269,0.000844985718822712
HMR_2270,0.000844985718822712
HMR_2281,0.00132760726647724
HMR_2282,0.000665998429537722
HMR_2284,0.000502061508291054
HMR_2286,0.00272502656302632
HMR_2287,0.00151603440356216
HMR_2288,0.000228243318159352
HMR_2289,0.000537623177837558
HMR_2292,0.00166316882965772
HMR_2293,0.00648630553143117
HMR_2294,0.000753242455781039
HMR_2295,0.00156802041731752
HMR_2296,0.00229927284214367
HMR_2332,0.00198930011396421
HMR_2334,0.00198930011396421
HMR_2336,0.00198930011396421
HMR_2338,0.00198930011396421
HMR_2342,0.000870436055385959
HMR_2343,0.000870436055385959
HMR_2344,0.000870436055385959
HMR_2345,0.000870436055385959
HMR_2347,0.00123594789635532
HMR_2348,0.00123594789635532
HMR_2349,0.00123594789635532
HMR_2350,0.00123594789635532
HMR_2353,0.00180250096411021
HMR_2354,0.00180250096411021
HMR_2355,0.00180250096411021
HMR_2356,0.00180250096411021
HMR_2359,0.00253854198268804
HMR_2361,0.000886297662143527
HMR_2362,0.000886297662143527
HMR_2363,0.000886297662143527
HMR_2364,0.000886297662143527
HMR_2365,0.00126417496200842
HMR_2368,0.00169606417706188
HMR_2374,0.0011524134423164
HMR_2376,0.0011524134423164
HMR_2380,0.00095120431473534
HMR_2391,0.00225921578241687
HMR_2393,0.00102025741792631
HMR_2395,0.000551876758310019
HMR_2433,0.000476427829025225
HMR_2434,0.000476427829025225
HMR_2435,0.000476427829025225
HMR_2436,0.000476427829025225
HMR_2440,0.00111902342511965
HMR_2472,0.00483045290629047
HMR_2484,0.000849584734493822
HMR_2495,0.00085871467410794
HMR_2530,0.000811549205310969
HMR_2533,0.000811549205310969
HMR_2535,0.000811549205310969
HMR_2537,0.000811549205310969
HMR_2540,0.00123867752013425
HMR_2541,0.00123867752013425
HMR_2542,0.00123867752013425
HMR_2543,0.00123867752013425
HMR_2569,0.0180559543182405
HMR_2581,0.000313890974182823
HMR_2602,0.0557430639050058
HMR_2603,0.0557430639050058
HMR_2604,-0.0557430639050058
HMR_2605,-0.00193669585226831
HMR_2606,-0.00193669585226831
HMR_2607,0.00193669585226831
HMR_2608,-0.00298952537965446
HMR_2609,-0.00298952537965446
HMR_2610,0.00298952537965446
HMR_2611,-0.0518012233079769
HMR_2612,-0.00241771088134181
HMR_2613,-0.000250614855395302
HMR_2620,-0.000383021692453299
HMR_2621,0.000383021692453299
HMR_2622,0.000383021692453299
HMR_2624,0
HMR_2633,0.00552668968920496
HMR_2634,0.0139917368891485
HMR_2635,0.00399295312689887
HMR_2644,-0.0113448878008484
HMR_2648,0.000372258666725517
HMR_2649,-0.000372258666725517
HMR_2650,-0.000372258666725517
HMR_2655,-0.00860793994265127
HMR_2657,-0.00170035445576467
HMR_2659,-0.000247725259597526
HMR_2660,0.00195933223400222
HMR_2661,0.00195933223400222
HMR_2662,-0.00195933223400222
HMR_2666,-0.0543731157310691
HMR_2667,0.000572297164403395
HMR_2668,-0.000403244304518359
HMR_2669,0.000251283810483203
HMR_2670,-0.000251283810483203
HMR_2671,-0.000251283810483203
HMR_2673,0.00246113461055533
HMR_2675,0.000634943210998206
HMR_2676,0.000634943210998206
HMR_2677,-0.000634943210998206
HMR_2679,-0.00142927756491281
HMR_2681,0.00285886415279397
HMR_2682,-0.00285886415279397
HMR_2683,-0.00285886415279397
HMR_2684,0.00156759227777114
HMR_2685,-0.00156759227777114
HMR_2686,-0.00156759227777114
HMR_2687,0.000416108785118168
HMR_2688,-0.000416108785118168
HMR_2689,-0.000416108785118168
HMR_2690,0.000535709969647475
HMR_2691,0.000535709969647475
HMR_2692,-0.000535709969647475
HMR_2693,0.00125539260394543
HMR_2695,0.00125539260394543
HMR_2697,-0.00125539260394543
HMR_2699,-0.00170645244851163
HMR_2700,-0.00170645244851163
HMR_2701,0.00170645244851163
HMR_2702,-0.0637343910517136
HMR_2703,-0.000590442498070596
HMR_2704,0.000590442498070596
HMR_2705,0.000698018266184264
HMR_2706,-0.000698018266184264
HMR_2707,-0.000698018266184264
HMR_2708,0.000297718365990321
HMR_2709,-0.000297718365990321
HMR_2710,-0.000297718365990321
HMR_2711,-0.0285986972821012
HMR_2712,0.00448422166319265
HMR_2713,-0.00448422166319265
HMR_2715,-0.00112362636681758
HMR_2718,0.00246557002489012
HMR_2722,-0.00141127383507841
HMR_2727,0.00246583342635105
HMR_2731,-0.00419384481480669
HMR_2733,0.000239674742726709
HMR_2734,0.000239674742726709
HMR_2735,-0.000239674742726709
HMR_2736,0.000451107467806901
HMR_2737,0.000451107467806901
HMR_2738,-0.000451107467806901
HMR_2739,0.000545625024470094
HMR_2740,0.000545625024470094
HMR_2741,-0.000545625024470094
HMR_2744,-0.000981514428362608
HMR_2748,-9.81724348311787e-05
HMR_2753,-0.00252556801989521
HMR_2757,-0.00176668346351689
HMR_2760,-0.00254806532620897
HMR_2764,0.00249355827564488
HMR_2768,0.000238564162202218
HMR_2769,-0.000238564162202218
HMR_2770,-0.000238564162202218
HMR_2771,0.000476131028787353
HMR_2772,0.000476131028787353
HMR_2773,-0.000476131028787353
HMR_2774,0.000211573998556109
HMR_2775,0.000211573998556109
HMR_2776,-0.000211573998556109
HMR_2817,0.00295957344252888
HMR_2819,-0.00295957344252888
HMR_2821,-0.0362371745866433
HMR_2827,0.0362371745866433
HMR_2851,-0.063143948553643
HMR_2852,0.063143948553643
HMR_2857,-0.0330829189452927
HMR_2859,0.0330829189452927
HMR_2861,-0.0181622026565037
HMR_2862,0.0181622026565037
HMR_2865,-0.0180559543182416
HMR_2866,0.0180559543182416
HMR_2884,0.0174322570750305
HMR_2886,-0.0174322570750305
HMR_2888,0.01134864005574
HMR_2890,-0.01134864005574
HMR_2942,0
HMR_2943,0
HMR_2944,0
HMR_2945,0
HMR_2946,0
HMR_2947,0
HMR_2948,0
HMR_2951,0
HMR_2954,0
HMR_2955,0
HMR_2956,0
HMR_2961,0
HMR_2962,0
HMR_2963,0
HMR_2964,0
HMR_2965,0
HMR_2966,0
HMR_2967,0
HMR_2968,0
HMR_2969,0
HMR_2970,0
HMR_2971,0.0139553911083816
HMR_2972,0
HMR_2973,-0.0605823504215222
HMR_2974,0
HMR_2975,0
HMR_2976,0
HMR_2977,0
HMR_2978,0
HMR_2979,0
HMR_2980,0
HMR_2982,0.0206548259906785
HMR_2983,0
HMR_2985,0
HMR_2986,0
HMR_2989,0
HMR_2990,0
HMR_2994,0.00502636183872492
HMR_2998,0
HMR_2999,0
HMR_3001,0
HMR_3002,0
HMR_3003,0
HMR_3018,0.00116914046756013
HMR_3021,0.000316916408570656
HMR_3023,0.00126276037799962
HMR_3053,0.000316916408570656
HMR_3056,0.00116914046756013
HMR_3057,0.00097711838333234
HMR_3058,0.00097711838333234
HMR_3059,0.00097711838333234
HMR_3062,0.000987311088260067
HMR_3063,0.000987311088260067
HMR_3064,0.000987311088260067
HMR_3065,0.000987311088260067
HMR_3066,0.000987311088260067
HMR_3067,0.000987311088260067
HMR_3068,0.000987311088260067
HMR_3069,0.000987311088260067
HMR_3070,0.00183819924788935
HMR_3071,0.00183819924788935
HMR_3072,0.00183819924788935
HMR_3073,0.00183819924788935
HMR_3074,0.00183819924788935
HMR_3075,0.00183819924788935
HMR_3076,0.00183819924788935
HMR_3094,0.0104836522780345
HMR_3095,0.0104836522780345
HMR_3096,0.0104836522780345
HMR_3097,0.0104836522780345
HMR_3098,0.000426299524749413
HMR_3099,0.000426299524749413
HMR_3100,0.000426299524749413
HMR_3101,0.000426299524749413
HMR_3102,0.000426299524749413
HMR_3106,-0.00804375875224939
HMR_3107,0.000590442498070596
HMR_3108,0.000590442498070596
HMR_3109,0.000590442498070596
HMR_3110,0.000590442498070596
HMR_3111,0.00119893914741883
HMR_3112,0.00119893914741883
HMR_3113,0.00119893914741883
HMR_3114,0.00119893914741883
HMR_3115,0.0161531384958745
HMR_3116,0.0145216666280611
HMR_3117,0.0145216666280611
HMR_3118,0.0145216666280611
HMR_3121,0.00191848981714441
HMR_3128,0.00280378752293503
HMR_3135,0.00116510878654927
HMR_3142,0.00156948031468485
HMR_3149,0.0102176166999712
HMR_3156,0
HMR_3170,0.00170645244851163
HMR_3171,0.00170645244851163
HMR_3172,0.00170645244851163
HMR_3173,0.00170645244851163
HMR_3174,0.00107150923751343
HMR_3175,0.00107150923751343
HMR_3176,0.00107150923751343
HMR_3177,0.00107150923751343
HMR_3178,0.00107150923751343
HMR_3179,0.00107150923751343
HMR_3180,0.00107150923751343
HMR_3181,0.00107150923751343
HMR_3182,0.00107150923751343
HMR_3183,0.00107150923751343
HMR_3184,0.00107150923751343
HMR_3185,0.00107150923751343
HMR_3186,0.00300820508978173
HMR_3187,0.00300820508978173
HMR_3188,0.00300820508978173
HMR_3189,0.00300820508978173
HMR_3190,0.00185909782449319
HMR_3191,0.00185909782449319
HMR_3192,0.00185909782449319
HMR_3193,0.00185909782449319
HMR_3194,0.0019251628551799
HMR_3195,0.0019251628551799
HMR_3196,0.0019251628551799
HMR_3197,0.0019251628551799
HMR_3198,0.00189203814224845
HMR_3199,0.00189203814224845
HMR_3200,0.00189203814224845
HMR_3201,0.00189203814224845
HMR_3202,0.00106436274243286
HMR_3203,0.00106436274243286
HMR_3204,0.00106436274243286
HMR_3205,0.00106436274243286
HMR_3218,0.000698018266184264
HMR_3219,0.000698018266184264
HMR_3220,0.000698018266184264
HMR_3221,0.000698018266184264
HMR_3222,0.0022656105439554
HMR_3223,0.0022656105439554
HMR_3224,0.0022656105439554
HMR_3225,0.0022656105439554
HMR_3229,0.0053386065108599
HMR_3230,0.00134565338396019
HMR_3231,0.00134565338396019
HMR_3232,0.00134565338396019
HMR_3233,0.00134565338396019
HMR_3234,0.000962631691506896
HMR_3235,0.000962631691506896
HMR_3236,0.000962631691506896
HMR_3237,0.000962631691506896
HMR_3240,0.00285886415279397
HMR_3241,0.00285886415279397
HMR_3242,0.00285886415279397
HMR_3243,0.00285886415279397
HMR_3244,0.000899531918791754
HMR_3245,0.000899531918791754
HMR_3246,0.000899531918791754
HMR_3247,0.000899531918791754
HMR_3288,0.00300463503457617
HMR_3296,0.00390261687206014
HMR_3316,0.0015100918707032
HMR_3321,0.0010797750516414
HMR_3322,0.0010797750516414
HMR_3326,0.00126276037799962
HMR_3327,0.00126276037799962
HMR_3328,0.00126276037799962
HMR_3329,0.00126276037799962
HMR_3330,0.00032681631315198
HMR_3331,0.00032681631315198
HMR_3332,0.00032681631315198
HMR_3333,0.00032681631315198
HMR_3334,0.00032681631315198
HMR_3335,0.00032681631315198
HMR_3336,0.00032681631315198
HMR_3337,0.00032681631315198
HMR_3338,0.00032681631315198
HMR_3339,0.00032681631315198
HMR_3340,0.00032681631315198
HMR_3341,0.00032681631315198
HMR_3342,0.00032681631315198
HMR_3343,0.00032681631315198
HMR_3344,0.00032681631315198
HMR_3345,0.00032681631315198
HMR_3346,0.00032681631315198
HMR_3347,0.00032681631315198
HMR_3348,0.00032681631315198
HMR_3349,0.00032681631315198
HMR_3350,0.00032681631315198
HMR_3351,0.00032681631315198
HMR_3352,0.00032681631315198
HMR_3353,0.00032681631315198
HMR_3396,0.000372258666725517
HMR_3398,0.000250614855395302
HMR_3406,0.000247725259597526
HMR_3407,0.000403244304518359
HMR_3408,0.000251283810483203
HMR_3409,0.000273000150836336
HMR_3411,0.000416108785118168
HMR_3413,0.000535709969647475
HMR_3414,0.00125539260394543
HMR_3416,0.000297718365990321
HMR_3421,0.000424765392720894
HMR_3422,0.000451896922462533
HMR_3423,0.000238564162202218
HMR_3424,0.000476131028787353
HMR_3425,0.000211573998556109
HMR_3426,0.000448287968310142
HMR_3427,0.000350519808237831
HMR_3428,0.000174463880385319
HMR_3429,0.000390505160904046
HMR_3431,0.000239674742726709
HMR_3432,0.000451107467806901
HMR_3433,0.000545625024470094
HMR_3446,0.00362989342728322
HMR_3447,0.00362989342728322
HMR_3449,0.00362989342728322
HMR_3450,0.00362989342728322
HMR_3451,0.00362989342728322
HMR_3452,0.00209886314689219
HMR_3453,0.00209886314689219
HMR_3454,0.00209886314689219
HMR_3455,-0.00209886314689219
HMR_3456,0.00209886314689219
HMR_3457,0.00209886314689219
HMR_3475,0.00675957400939099
HMR_3478,0.00858401991576472
HMR_3491,-0
HMR_3520,-0
HMR_3597,0.0315723080871054
HMR_3625,0
HMR_3626,0
HMR_3627,0
HMR_3628,0
HMR_3629,0
HMR_3630,0
HMR_3631,0
HMR_3633,0
HMR_3635,0
HMR_3636,0
HMR_3637,0
HMR_3639,0
HMR_3640,0
HMR_3642,0
HMR_3644,0
HMR_3645,0
HMR_3646,0
HMR_3647,0
HMR_3648,0
HMR_3649,0
HMR_3650,0
HMR_3651,0.0139553911083816
HMR_3652,0
HMR_3653,0.00256159813212062
HMR_3654,0
HMR_3655,0
HMR_3656,0
HMR_3657,0
HMR_3658,0
HMR_3659,0
HMR_3660,0
HMR_3662,0.00249262333417401
HMR_3663,0
HMR_3664,0.00250530342562034
HMR_3665,0
HMR_3666,0
HMR_3667,0
HMR_3669,0
HMR_3670,0
HMR_3675,0.00253330591412937
HMR_3677,0
HMR_3678,0
HMR_3679,0
HMR_3680,0
HMR_3681,0
HMR_3682,0
HMR_3684,0
HMR_3685,0
HMR_3686,0
HMR_3687,0
HMR_3688,0
HMR_3689,0
HMR_3690,0
HMR_3692,0
HMR_3694,0
HMR_3695,0
HMR_3696,0
HMR_3698,0
HMR_3699,0
HMR_3701,0
HMR_3703,0
HMR_3704,0
HMR_3705,0
HMR_3706,0
HMR_3707,0
HMR_3708,0
HMR_3709,0
HMR_3710,0.0139553911083816
HMR_3711,0
HMR_3712,0.00256159813212062
HMR_3713,0
HMR_3714,0
HMR_3715,0
HMR_3716,0
HMR_3717,0
HMR_3718,0
HMR_3719,0
HMR_3721,0.00249262333417401
HMR_3722,0
HMR_3723,0.00250530342562034
HMR_3724,0
HMR_3725,0
HMR_3726,0
HMR_3728,0
HMR_3729,0
HMR_3734,0.00253330591412937
HMR_3736,0
HMR_3737,0
HMR_3738,0
HMR_3739,0
HMR_3740,0
HMR_3741,0
HMR_3746,0.00768816108330016
HMR_3831,0.0120780225913821
HMR_3864,0.0100597485128878
HMR_3915,0.0145062217440467
HMR_3953,-0.0223723598693951
HMR_3966,0.0010239301217572
HMR_4078,0.000135047172708417
HMR_4079,0.000135047172708417
HMR_4182,0.00987937783142708
HMR_4261,0.000521331836901425
HMR_4263,0.0020954320542699
HMR_4266,0.00236938135255451
HMR_4270,0.00312802203370433
HMR_4284,0.00804353182793409
HMR_4343,0.00825365670999638
HMR_4422,0.00214421712888766
HMR_4630,0.0046788990104254
HMR_4696,0.0149044791479326
HMR_4700,0.00915444689780919
HMR_4701,0.0169635411498655
HMR_4756,-0.000206785355609931
HMR_4757,0.00106561836339369
HMR_4763,0.000450528290925709
HMR_4767,0.00766368879593728
HMR_4768,-0.00247747476226034
HMR_4771,-0.00316865469908244
HMR_4776,0.000489872649132347
HMR_4777,0.000773363233374964
HMR_4964,0.0103623609052341
HMR_5101,0.00717600569439143
HMR_5130,0.000419646747115666
HMR_5131,0.000587371192352674
HMR_5132,0.000342825591976886
HMR_5133,0.00045181349858736
HMR_5134,0.000586409422235778
HMR_5135,0.000197430524089015
HMR_5136,0.000433342799743239
HMR_5137,0.000643579990529327
HMR_5138,0.000805728736874309
HMR_5139,0.000231750531716148
HMR_5140,0.000363147446868401
HMR_5141,0.000732458843776293
HMR_5142,0.000659808134637972
HMR_5143,0.000161768945694335
HMR_5145,0.000288848715823297
HMR_5146,0.000448234689440543
HMR_5147,0.000752647528332443
HMR_5148,0.000628167882839761
HMR_5149,0.000191475024546338
HMR_5150,0.000621763584166206
HMR_5234,0.000149930177590123
HMR_5236,0.000149930177590123
HMR_5249,0.012619822868085
HMR_5301,0.010548873270752
HMR_5344,0.0250506543431246
HMR_5387,0.000135047172708417
HMR_5389,0.000135047172708417
HMR_5409,0.00447173927184143
HMR_5420,0.00078978633620389
HMR_6359,0.0186179300525713
HMR_6362,0.00917705262855119
HMR_6363,0.0182234684414196
HMR_6364,0.0174216881876224
HMR_6365,0.0185233314670869
HMR_6385,0.00151057033558156
HMR_6511,0.00787630740508524
HMR_6515,0.00148998357965824
HMR_6533,0.00775361373392228
HMR_6534,0.00548774612013888
HMR_6545,0.0023313464367116
HMR_6549,0.00373414680525423
HMR_6558,0.00245252423248024
HMR_6564,0
HMR_6572,3.57439870589164e-05
HMR_6583,0.00396854466347456
HMR_6595,0.00448836816385922
HMR_6617,0.00923925487741469
HMR_6618,-0.0241326759336346
HMR_6619,-0.00923925487741469
HMR_6620,-0.0182347470118359
HMR_6747,0.000717887268363485
HMR_6755,0.0187875849390168
HMR_6784,0.000119033151323098
HMR_6785,0.000119033151323098
HMR_6786,0.000119033151323098
HMR_6790,0
HMR_6813,0.0674362806642314
HMR_6838,0
HMR_6839,0
HMR_6844,0.000785888320620415
HMR_6850,-0
HMR_6876,0.00059394743005739
HMR_6907,0.000267707528074623
HMR_6908,0.000267707528074623
HMR_6909,0.000267707528074623
HMR_6910,0.000267707528074623
HMR_6975,0.00211411309735484
HMR_6976,0.00211411309735484
HMR_6977,0.00211411309735484
HMR_6978,0.00211411309735484
HMR_6986,-0.0685861322443417
HMR_7594,0.00142613304386929
HMR_7597,0.00142613304386929
HMR_7615,0.0011584219874171
HMR_7617,0
HMR_7618,-0
HMR_7621,0.00954004498924822
HMR_7622,0.00954004498924822
HMR_7623,0
HMR_7624,-0
HMR_7628,0.000711574900432448
HMR_7652,0.000538333977694652
HMR_7656,0.000538333977694652
HMR_7700,0.00238414613973398
HMR_7743,-0.0685861322443417
HMR_7745,-0.00331124852393556
HMR_7746,0.00099144324850189
HMR_7747,0.00231980527543331
HMR_7748,0.00355052893396626
HMR_7749,-0.000239280410029617
HMR_7755,0.00956335784244552
HMR_7756,0.000711574900432448
HMR_7757,0.00632736400265454
HMR_7758,0.00120569107140091
HMR_7898,-0.000946731910597831
HMR_7903,0
HMR_7906,0.000302165351731562
HMR_7947,0.0345608266167095
HMR_7949,0.0282069253924379
HMR_8023,-0.00211411309735484
HMR_8374,-0.000424344659199764
HMR_8476,-0.00294494789442069
HMR_8501,0.0263060332787917
HMR_8505,0.00139092561428059
HMR_8510,0.0465880679410357
HMR_8567,-0.00147684018319853
HMR_8570,0.00147684018319853
HMR_8572,0.00147684018319853
HMR_8574,0.00147684018319853
HMR_8576,0.00147684018319853
HMR_8578,0.00147684018319853
HMR_8580,0.00466941367908963
HMR_8582,0.00687710821652071
HMR_8590,0.00160765630496619
HMR_9184,-0.00181340044719334
HMR_9185,-0.00124066712221275
HMR_9191,0.0182188350418869
HMR_9488,0.00010835254374307
HMR_9489,0.00010835254374307
HMR_9493,0.000230833090219667
HMR_9494,0.000230833090219667
HMR_9516,0
HMR_9517,0
HMR_9577,0
HMR_9578,-0
HMR_9581,0
HMR_9582,0
HMR_9583,0.0137229561954381
HMR_9584,0.0137229561954381
HMR_9607,0
HMR_9610,0.00644348672217011
HMR_9613,0.0306984586798135
HMR_9614,0.0271534899010259
HMR_9615,0.0262884751777472
HMR_9617,0.0297072847003737
HMR_9619,0
HMR_9623,0.0213353882870464
HMR_9624,0.0212807699630995
HMR_9626,0.0627677520091476
HMR_9627,0.00151057033558156
HMR_9628,0.00066734414544692
HMR_9643,-0
HMR_9645,-0
HMR_9647,0.00075069456515853
HMR_9651,-0
HMR_9677,0.0235744047563778
HMR_9678,0.0134740266792566
HMR_9679,0.00675957400939099
HMR_9717,0.000450528290925709
HMR_9718,0.00133141253636183
HMR_9719,0.00136896812492117
HMR_9727,6.44634198351344e-08
HMR_9735,0.00954004498924822
HMR_9797,0.00957497334941494
HMR_9802,0.00500111426417755
EX_M01570[e],0
EX_M03147[e],-3.63055679997021e-06
EX_M02048[e],-0.000112277718925557
EX_M01569[e],-0
EX_M03146[e],3.63055679997021e-06
EX_M02047[e],0.000262207896515345
HMR_0031,0
HMR_0032,0
HMR_7596,-0.00142613304386929
HMR_2957,0
HMR_1484,0.000865836402313487
HMR_1264,0
HMR_1467,0.000826168482159259
HMR_4816,0.000302165351731562
HMR_4772,0.00316865469908244
HMR_1500,0.000865836402313482
HMR_5158,9.82577608513723e-06
HMR_5160,1.78674639530855e-06
HMR_5161,9.30555809287185e-06
HMR_5099,-0.047757190719663
EX_glc_D[e],-0.00226076904581276
3DHCAS,0.00120569107140091
3DHCHOLt,-0.00120569107140091
EX_3dhchol[e],0.00120569107140091
EX_gcdca3s[e],0.000376416239139616
GCDCA3St,-0.000376416239139616
GCDCASULT,0.000376416239139616
13DMTtep,-0.00159234687063688
1513DTACRhr,0.00159234687063688
1513TACRtu,0.00159234687063688
EX_13dmt[e],-0.00159234687063688
EX_1513tacr[e],0.00159234687063688
IBUP_Rtdhep,0.00153316390235059
IBUP_Rtdu,-0.00153316390235059
LST4EXPTDhc,-0.049473372875694
LST4EXPthc,0.049473372875694
LSTNM7TDhc,-0.0685861322443417
LSTNM7thc,0.0685861322443417
TMDOATtev,-0
TMDtd,0
1513TACRitr,0.00159234687063688
H2O2itr,-0.00464188619788869
13DMTitr,-0.00159234687063688
EX_caproic[e],0.0145940192722729
EX_M02956[e],-0.0263941694815033
EX_M01807[e],0.0184952728408358
EX_M00503[e],0.0263941694815033
EX_M00241[e],-0.00474994378241077
EX_M01820[e],0.0137358317764809
EX_M00510[e],0.0263894208405312
EX_M01819[e],0.0685861322443417
EX_M00008[e],0.000459301577870962
EX_M00010[e],-0.000627777332005618
EX_M00017[e],-0.00199209216914054
EX_M00019[e],0.00194401811991881
EX_M00115[e],0.0021333018270642
EX_M00117[e],0.000655599814821646
EX_M00260[e],0.000388460386338494
EX_M00265[e],-0.000211870798797281
EX_M00315[e],0.000234663549499148
EX_M00341[e],0.000787273252087443
EX_M01197[e],-0.00415911203152018
EX_M01207[e],-0.000917251341245428
EX_M01235[e],-0.00101326409654054
EX_M01238[e],0.000416104603894371
EX_M01582[e],0.00150448579787847
EX_M02053[e],-0.00139141651571533
EX_M02457[e],2.07674428269885e-05
EX_M02613[e],-6.7925598026111e-05
EX_M02745[e],0.000884786400505296
EX_M03045[e],-0.000321381077726667
EX_M03051[e],-0.00193699265250936
EX_M03153[e],0.000726242935722923
EX_M02560[e],-0.0307047125120221
EX_M02561[e],0.0336727149173056
EX_C01601[e],0.0026344571593432
EX_M02909[e],-0.0216041775202366
EX_M02108[e],0.00273364690296136
EX_M03117[e],0.00384962945531846
EX_M03134[e],0.00352819758984549
EX_HC02080[e],-2.33672952556472e-09
EX_M01111[e],0.0214088449751853
EX_h2co3[e],-0.00447173927184143
EX_adpman[e],-0.00181340044719334
EX_rbl_D[e],-0.00124066712221275
EX_M03131[e],0.00075069456515853
ATPS4minew,0.00550131617215366
biomass_ob,6.85861322443417e-08
biomass_ex,6.85861322443417e-08
